Player ID,First Name,Last Name,Position,Cost,Team,Total points,Goals scored,Assists,Clean sheets,Points per game rank,Value form,Value season,ICT Index,Expected goals,Expected assists,Expected goal involvements,Influence rank,Form rank,Player form,In dream team,News,Chance of playing next round,Points per game,ICT Index rank,Expected goals per 90,Expected assists per 90,Strength overall home,Strength overall away,team,team_code,PlayerID,Gameweek 8,Gameweek 9,Gameweek 10,Gameweek 11,Gameweek 12,Gameweek 13,Gameweek 14,Gameweek 15,Gameweek 16,Gameweek 17,Gameweek 18,Gameweek 19,Gameweek 20,Gameweek 21,Gameweek 22,Gameweek 23,Gameweek 24,Gameweek 25,Gameweek 26,Gameweek 27,Gameweek 28,Gameweek 29,Gameweek 30,Gameweek 31,Gameweek 32,Gameweek 33,Gameweek 34,Gameweek 35,Gameweek 36,Gameweek 37,Gameweek 38,Difficulty_score,Fixture Difficulty Index,full_name
1,Fábio,Ferreira Vieira,MID,54,Arsenal,0,0,0,0,652,0.0,0.0,0.0,0.00,0.00,0.00,650,644,0.0,False,Has joined Portuguese side FC Porto on loan for the 2024/25 season,0.0,0.0,652,0.0,0.0,1350,1375,1,3,1,3.0,5.0,4.0,4.0,3.0,2.0,3.0,3.0,2.0,2.0,2.0,3.0,3.0,4.0,3.0,2.0,5.0,2.0,2.0,2.0,3.0,4.0,2.0,2.0,2.0,2.0,2.0,2.0,5.0,3.0,2.0,19.0,0.0,Fábio Ferreira Vieira
2,Gabriel,Fernando de Jesus,FWD,68,Arsenal,3,0,0,0,415,0.1,0.4,7.9,0.49,0.06,0.55,347,303,0.7,False,,100.0,0.6,281,0.57,0.07,1350,1375,1,3,2,3.0,5.0,4.0,4.0,3.0,2.0,3.0,3.0,2.0,2.0,2.0,3.0,3.0,4.0,3.0,2.0,5.0,2.0,2.0,2.0,3.0,4.0,2.0,2.0,2.0,2.0,2.0,2.0,5.0,3.0,2.0,19.0,0.037,Gabriel Fernando de Jesus
3,Gabriel,dos Santos Magalhães,DEF,62,Arsenal,39,2,0,3,21,0.5,6.3,39.6,1.47,0.15,1.62,19,87,3.3,True,,,5.6,39,0.21,0.02,1350,1375,1,3,3,3.0,5.0,4.0,4.0,3.0,2.0,3.0,3.0,2.0,2.0,2.0,3.0,3.0,4.0,3.0,2.0,5.0,2.0,2.0,2.0,3.0,4.0,2.0,2.0,2.0,2.0,2.0,2.0,5.0,3.0,2.0,19.0,0.174,Gabriel dos Santos Magalhães
4,Kai,Havertz,FWD,83,Arsenal,40,4,1,3,18,0.6,4.8,61.9,4.29,0.20,4.49,16,35,5.3,False,Knee injury - 75% chance of playing,75.0,5.7,9,0.61,0.03,1350,1375,1,3,4,3.0,5.0,4.0,4.0,3.0,2.0,3.0,3.0,2.0,2.0,2.0,3.0,3.0,4.0,3.0,2.0,5.0,2.0,2.0,2.0,3.0,4.0,2.0,2.0,2.0,2.0,2.0,2.0,5.0,3.0,2.0,19.0,0.279,Kai Havertz
5,Karl,Hein,GK,40,Arsenal,0,0,0,0,473,0.0,0.0,0.0,0.00,0.00,0.00,466,405,0.0,False,Loaned to Real Valladolid,0.0,0.0,470,0.0,0.0,1350,1375,1,3,5,3.0,5.0,4.0,4.0,3.0,2.0,3.0,3.0,2.0,2.0,2.0,3.0,3.0,4.0,3.0,2.0,5.0,2.0,2.0,2.0,3.0,4.0,2.0,2.0,2.0,2.0,2.0,2.0,5.0,3.0,2.0,19.0,0.0,Karl Hein
6,Jurriën,Timber,DEF,55,Arsenal,19,0,1,2,102,0.4,3.5,21.8,0.28,0.17,0.45,158,158,2.0,False,Muscle injury - 75% chance of playing,75.0,3.2,133,0.06,0.03,1350,1375,1,3,6,3.0,5.0,4.0,4.0,3.0,2.0,3.0,3.0,2.0,2.0,2.0,3.0,3.0,4.0,3.0,2.0,5.0,2.0,2.0,2.0,3.0,4.0,2.0,2.0,2.0,2.0,2.0,2.0,5.0,3.0,2.0,19.0,0.105,Jurriën Timber
7,Jorge Luiz,Frello Filho,MID,48,Arsenal,4,0,0,1,212,0.1,0.8,2.7,0.04,0.14,0.18,389,272,0.7,False,,,2.0,360,0.02,0.08,1350,1375,1,3,7,3.0,5.0,4.0,4.0,3.0,2.0,3.0,3.0,2.0,2.0,2.0,3.0,3.0,4.0,3.0,2.0,5.0,2.0,2.0,2.0,3.0,4.0,2.0,2.0,2.0,2.0,2.0,2.0,5.0,3.0,2.0,19.0,0.037,Jorge Luiz Frello Filho
8,Jakub,Kiwior,DEF,48,Arsenal,2,0,0,0,357,0.1,0.4,0.8,0.00,0.00,0.00,375,278,0.7,False,,,1.0,405,0.0,0.0,1350,1375,1,3,8,3.0,5.0,4.0,4.0,3.0,2.0,3.0,3.0,2.0,2.0,2.0,3.0,3.0,4.0,3.0,2.0,5.0,2.0,2.0,2.0,3.0,4.0,2.0,2.0,2.0,2.0,2.0,2.0,5.0,3.0,2.0,19.0,0.037,Jakub Kiwior
9,Gabriel,Martinelli Silva,MID,70,Arsenal,34,2,2,3,33,1.1,4.9,46.8,1.05,1.39,2.44,47,6,8.0,False,,,4.9,27,0.22,0.29,1350,1375,1,3,9,3.0,5.0,4.0,4.0,3.0,2.0,3.0,3.0,2.0,2.0,2.0,3.0,3.0,4.0,3.0,2.0,5.0,2.0,2.0,2.0,3.0,4.0,2.0,2.0,2.0,2.0,2.0,2.0,5.0,3.0,2.0,19.0,0.421,Gabriel Martinelli Silva
12,Ethan,Nwaneri,MID,45,Arsenal,2,0,0,0,340,0.1,0.4,4.1,0.02,0.16,0.18,343,320,0.3,False,,,1.0,333,0.2,1.6,1350,1375,1,3,12,3.0,5.0,4.0,4.0,3.0,2.0,3.0,3.0,2.0,2.0,2.0,3.0,3.0,4.0,3.0,2.0,5.0,2.0,2.0,2.0,3.0,4.0,2.0,2.0,2.0,2.0,2.0,2.0,5.0,3.0,2.0,19.0,0.016,Ethan Nwaneri
13,Martin,Ødegaard,MID,82,Arsenal,7,0,0,2,181,0.0,0.9,17.0,0.46,0.74,1.20,282,665,0.0,False,Ankle injury - Unknown return date,0.0,2.3,184,0.16,0.26,1350,1375,1,3,13,3.0,5.0,4.0,4.0,3.0,2.0,3.0,3.0,2.0,2.0,2.0,3.0,3.0,4.0,3.0,2.0,5.0,2.0,2.0,2.0,3.0,4.0,2.0,2.0,2.0,2.0,2.0,2.0,5.0,3.0,2.0,19.0,0.0,Martin Ødegaard
15,David,Raya Martin,GK,56,Arsenal,36,0,0,3,27,0.4,6.4,21.3,0.00,0.01,0.01,13,141,2.3,False,,100.0,5.1,144,0.0,0.0,1350,1375,1,3,15,3.0,5.0,4.0,4.0,3.0,2.0,3.0,3.0,2.0,2.0,2.0,3.0,3.0,4.0,3.0,2.0,5.0,2.0,2.0,2.0,3.0,4.0,2.0,2.0,2.0,2.0,2.0,2.0,5.0,3.0,2.0,19.0,0.121,David Raya Martin
16,Declan,Rice,MID,63,Arsenal,8,0,0,2,291,0.3,1.3,24.6,0.39,0.62,1.01,184,188,1.7,False,,100.0,1.3,109,0.07,0.11,1350,1375,1,3,16,3.0,5.0,4.0,4.0,3.0,2.0,3.0,3.0,2.0,2.0,2.0,3.0,3.0,4.0,3.0,2.0,5.0,2.0,2.0,2.0,3.0,4.0,2.0,2.0,2.0,2.0,2.0,2.0,5.0,3.0,2.0,19.0,0.089,Declan Rice
17,Bukayo,Saka,MID,101,Arsenal,54,2,7,3,6,0.8,5.3,101.4,2.00,3.15,5.15,3,9,7.7,True,Leg injury - 75% chance of playing,75.0,7.7,1,0.32,0.5,1350,1375,1,3,17,3.0,5.0,4.0,4.0,3.0,2.0,3.0,3.0,2.0,2.0,2.0,3.0,3.0,4.0,3.0,2.0,5.0,2.0,2.0,2.0,3.0,4.0,2.0,2.0,2.0,2.0,2.0,2.0,5.0,3.0,2.0,19.0,0.405,Bukayo Saka
18,William,Saliba,DEF,60,Arsenal,22,0,0,3,107,0.2,3.7,13.4,0.00,0.07,0.07,103,253,1.0,False,,,3.1,222,0.0,0.01,1350,1375,1,3,18,3.0,5.0,4.0,4.0,3.0,2.0,3.0,3.0,2.0,2.0,2.0,3.0,3.0,4.0,3.0,2.0,5.0,2.0,2.0,2.0,3.0,4.0,2.0,2.0,2.0,2.0,2.0,2.0,5.0,3.0,2.0,19.0,0.053,William Saliba
20,Thomas,Partey,MID,50,Arsenal,23,1,0,3,92,0.3,4.6,26.4,0.27,0.37,0.64,70,177,1.7,False,,,3.3,95,0.04,0.05,1350,1375,1,3,20,3.0,5.0,4.0,4.0,3.0,2.0,3.0,3.0,2.0,2.0,2.0,3.0,3.0,4.0,3.0,2.0,5.0,2.0,2.0,2.0,3.0,4.0,2.0,2.0,2.0,2.0,2.0,2.0,5.0,3.0,2.0,19.0,0.089,Thomas Partey
21,Kieran,Tierney,DEF,43,Arsenal,0,0,0,0,509,0.0,0.0,0.0,0.00,0.00,0.00,501,450,0.0,False,Hamstring injury - Unknown return date,0.0,0.0,505,0.0,0.0,1350,1375,1,3,21,3.0,5.0,4.0,4.0,3.0,2.0,3.0,3.0,2.0,2.0,2.0,3.0,3.0,4.0,3.0,2.0,5.0,2.0,2.0,2.0,3.0,4.0,2.0,2.0,2.0,2.0,2.0,2.0,5.0,3.0,2.0,19.0,0.0,Kieran Tierney
22,Tomiyasu,Takehiro,DEF,48,Arsenal,1,0,0,0,355,0.1,0.2,1.0,0.18,0.00,0.18,415,328,0.3,False,,100.0,1.0,400,2.7,0.0,1350,1375,1,3,22,3.0,5.0,4.0,4.0,3.0,2.0,3.0,3.0,2.0,2.0,2.0,3.0,3.0,4.0,3.0,2.0,5.0,2.0,2.0,2.0,3.0,4.0,2.0,2.0,2.0,2.0,2.0,2.0,5.0,3.0,2.0,19.0,0.016,Tomiyasu Takehiro
23,Leandro,Trossard,MID,69,Arsenal,23,2,1,1,99,0.5,3.3,34.6,1.45,0.32,1.77,115,78,3.7,False,,,3.3,57,0.38,0.08,1350,1375,1,3,23,3.0,5.0,4.0,4.0,3.0,2.0,3.0,3.0,2.0,2.0,2.0,3.0,3.0,4.0,3.0,2.0,5.0,2.0,2.0,2.0,3.0,4.0,2.0,2.0,2.0,2.0,2.0,2.0,5.0,3.0,2.0,19.0,0.195,Leandro Trossard
24,Benjamin,White,DEF,63,Arsenal,21,0,0,3,49,0.0,3.3,9.1,0.11,0.09,0.20,206,352,0.3,False,Groin Injury - 75% chance of playing,75.0,4.2,262,0.02,0.02,1350,1375,1,3,24,3.0,5.0,4.0,4.0,3.0,2.0,3.0,3.0,2.0,2.0,2.0,3.0,3.0,4.0,3.0,2.0,5.0,2.0,2.0,2.0,3.0,4.0,2.0,2.0,2.0,2.0,2.0,2.0,5.0,3.0,2.0,19.0,0.016,Benjamin White
25,Oleksandr,Zinchenko,DEF,48,Arsenal,7,0,0,1,80,0.0,1.5,1.8,0.00,0.04,0.04,380,584,0.0,False,Calf injury - 50% chance of playing,50.0,3.5,380,0.0,0.05,1350,1375,1,3,25,3.0,5.0,4.0,4.0,3.0,2.0,3.0,3.0,2.0,2.0,2.0,3.0,3.0,4.0,3.0,2.0,5.0,2.0,2.0,2.0,3.0,4.0,2.0,2.0,2.0,2.0,2.0,2.0,5.0,3.0,2.0,19.0,0.0,Oleksandr Zinchenko
73,Norberto,Murara Neto,GK,43,Arsenal,7,0,0,0,76,0.0,1.6,7.8,0.00,0.00,0.00,175,442,0.0,False,Ineligible to face his parent club on 19/10. - Expected back 27 Oct,0.0,3.5,282,0.0,0.0,1350,1375,1,3,73,3.0,5.0,4.0,4.0,3.0,2.0,3.0,3.0,2.0,2.0,2.0,3.0,3.0,4.0,3.0,2.0,5.0,2.0,2.0,2.0,3.0,4.0,2.0,2.0,2.0,2.0,2.0,2.0,5.0,3.0,2.0,19.0,0.0,Norberto Murara Neto
186,Raheem,Sterling,MID,67,Arsenal,3,0,0,0,399,0.1,0.4,5.5,0.33,0.05,0.38,387,302,0.7,False,,,1.0,311,0.35,0.05,1350,1375,1,3,186,3.0,5.0,4.0,4.0,3.0,2.0,3.0,3.0,2.0,2.0,2.0,3.0,3.0,4.0,3.0,2.0,5.0,2.0,2.0,2.0,3.0,4.0,2.0,2.0,2.0,2.0,2.0,2.0,5.0,3.0,2.0,19.0,0.037,Raheem Sterling
578,Riccardo,Calafiori,DEF,58,Arsenal,13,1,0,0,159,0.6,2.2,22.8,0.50,0.40,0.90,150,76,3.7,False,,100.0,2.6,123,0.15,0.12,1350,1375,1,3,578,3.0,5.0,4.0,4.0,3.0,2.0,3.0,3.0,2.0,2.0,2.0,3.0,3.0,4.0,3.0,2.0,5.0,2.0,2.0,2.0,3.0,4.0,2.0,2.0,2.0,2.0,2.0,2.0,5.0,3.0,2.0,19.0,0.195,Riccardo Calafiori
597,Myles,Lewis-Skelly,MID,45,Arsenal,0,0,0,0,585,0.0,0.0,0.0,0.00,0.00,0.00,577,546,0.0,False,,,0.0,581,0.0,0.0,1350,1375,1,3,597,3.0,5.0,4.0,4.0,3.0,2.0,3.0,3.0,2.0,2.0,2.0,3.0,3.0,4.0,3.0,2.0,5.0,2.0,2.0,2.0,3.0,4.0,2.0,2.0,2.0,2.0,2.0,2.0,5.0,3.0,2.0,19.0,0.0,Myles Lewis-Skelly
633,Mikel,Merino,MID,60,Arsenal,1,0,0,0,394,0.0,0.2,3.4,0.00,0.03,0.03,313,351,0.3,False,,100.0,1.0,342,0.0,0.09,1350,1375,1,3,633,3.0,5.0,4.0,4.0,3.0,2.0,3.0,3.0,2.0,2.0,2.0,3.0,3.0,4.0,3.0,2.0,5.0,2.0,2.0,2.0,3.0,4.0,2.0,2.0,2.0,2.0,2.0,2.0,5.0,3.0,2.0,19.0,0.016,Mikel Merino
638,Salah-Eddine,Oulad M'hand,MID,45,Arsenal,0,0,0,0,584,0.0,0.0,0.0,0.00,0.00,0.00,576,545,0.0,False,,,0.0,580,0.0,0.0,1350,1375,1,3,638,3.0,5.0,4.0,4.0,3.0,2.0,3.0,3.0,2.0,2.0,2.0,3.0,3.0,4.0,3.0,2.0,5.0,2.0,2.0,2.0,3.0,4.0,2.0,2.0,2.0,2.0,2.0,2.0,5.0,3.0,2.0,19.0,0.0,Salah-Eddine Oulad M'hand
639,Tommy,Setford,GK,45,Arsenal,0,0,0,0,599,0.0,0.0,0.0,0.00,0.00,0.00,591,563,0.0,False,,,0.0,595,0.0,0.0,1350,1375,1,3,639,3.0,5.0,4.0,4.0,3.0,2.0,3.0,3.0,2.0,2.0,2.0,3.0,3.0,4.0,3.0,2.0,5.0,2.0,2.0,2.0,3.0,4.0,2.0,2.0,2.0,2.0,2.0,2.0,5.0,3.0,2.0,19.0,0.0,Tommy Setford
657,Maldini,Kacurri,DEF,40,Arsenal,0,0,0,0,500,0.0,0.0,0.0,0.00,0.00,0.00,492,434,0.0,False,,,0.0,496,0.0,0.0,1350,1375,1,3,657,3.0,5.0,4.0,4.0,3.0,2.0,3.0,3.0,2.0,2.0,2.0,3.0,3.0,4.0,3.0,2.0,5.0,2.0,2.0,2.0,3.0,4.0,2.0,2.0,2.0,2.0,2.0,2.0,5.0,3.0,2.0,19.0,0.0,Maldini Kacurri
658,Ayden,Heaven,DEF,40,Arsenal,0,0,0,0,502,0.0,0.0,0.0,0.00,0.00,0.00,494,436,0.0,False,,,0.0,498,0.0,0.0,1350,1375,1,3,658,3.0,5.0,4.0,4.0,3.0,2.0,3.0,3.0,2.0,2.0,2.0,3.0,3.0,4.0,3.0,2.0,5.0,2.0,2.0,2.0,3.0,4.0,2.0,2.0,2.0,2.0,2.0,2.0,5.0,3.0,2.0,19.0,0.0,Ayden Heaven
659,Ismeal,Kabia,MID,45,Arsenal,0,0,0,0,609,0.0,0.0,0.0,0.00,0.00,0.00,601,573,0.0,False,,,0.0,605,0.0,0.0,1350,1375,1,3,659,3.0,5.0,4.0,4.0,3.0,2.0,3.0,3.0,2.0,2.0,2.0,3.0,3.0,4.0,3.0,2.0,5.0,2.0,2.0,2.0,3.0,4.0,2.0,2.0,2.0,2.0,2.0,2.0,5.0,3.0,2.0,19.0,0.0,Ismeal Kabia
662,Josh,Nichols,DEF,40,Arsenal,0,0,0,0,481,0.0,0.0,0.0,0.00,0.00,0.00,473,413,0.0,False,,,0.0,477,0.0,0.0,1350,1375,1,3,662,3.0,5.0,4.0,4.0,3.0,2.0,3.0,3.0,2.0,2.0,2.0,3.0,3.0,4.0,3.0,2.0,5.0,2.0,2.0,2.0,3.0,4.0,2.0,2.0,2.0,2.0,2.0,2.0,5.0,3.0,2.0,19.0,0.0,Josh Nichols
665,Nathan,Butler-Oyedeji,FWD,45,Arsenal,0,0,0,0,562,0.0,0.0,0.0,0.00,0.00,0.00,554,522,0.0,False,,,0.0,558,0.0,0.0,1350,1375,1,3,665,3.0,5.0,4.0,4.0,3.0,2.0,3.0,3.0,2.0,2.0,2.0,3.0,3.0,4.0,3.0,2.0,5.0,2.0,2.0,2.0,3.0,4.0,2.0,2.0,2.0,2.0,2.0,2.0,5.0,3.0,2.0,19.0,0.0,Nathan Butler-Oyedeji
28,Leon,Bailey,MID,63,Aston Villa,13,0,1,1,192,0.5,2.1,18.9,0.35,1.08,1.43,275,107,3.0,False,,100.0,2.2,161,0.09,0.28,1160,1220,2,7,28,3.0,2.0,4.0,5.0,2.0,4.0,2.0,2.0,2.0,5.0,4.0,2.0,2.0,2.0,5.0,2.0,2.0,2.0,4.0,2.0,3.0,5.0,3.0,3.0,2.0,3.0,5.0,2.0,3.0,4.0,3.0,16.0,0.188,Leon Bailey
29,Ross,Barkley,MID,52,Aston Villa,9,0,1,1,272,0.2,1.7,12.0,0.12,0.18,0.30,243,244,1.0,False,,,1.5,239,0.05,0.08,1160,1220,2,7,29,3.0,2.0,4.0,5.0,2.0,4.0,2.0,2.0,2.0,5.0,4.0,2.0,2.0,2.0,5.0,2.0,2.0,2.0,4.0,2.0,3.0,5.0,3.0,3.0,2.0,3.0,5.0,2.0,3.0,4.0,3.0,16.0,0.062,Ross Barkley
30,Enzo,Barrenechea,MID,49,Aston Villa,0,0,0,0,630,0.0,0.0,0.0,0.00,0.00,0.00,625,610,0.0,False,Loaned to Valencia CF,0.0,0.0,628,0.0,0.0,1160,1220,2,7,30,3.0,2.0,4.0,5.0,2.0,4.0,2.0,2.0,2.0,5.0,4.0,2.0,2.0,2.0,5.0,2.0,2.0,2.0,4.0,2.0,3.0,5.0,3.0,3.0,2.0,3.0,5.0,2.0,3.0,4.0,3.0,16.0,0.0,Enzo Barrenechea
31,Emiliano,Buendía Stati,MID,53,Aston Villa,3,0,0,0,382,0.1,0.6,1.0,0.09,0.01,0.10,414,290,0.7,False,,,1.0,402,0.62,0.07,1160,1220,2,7,31,3.0,2.0,4.0,5.0,2.0,4.0,2.0,2.0,2.0,5.0,4.0,2.0,2.0,2.0,5.0,2.0,2.0,2.0,4.0,2.0,3.0,5.0,3.0,3.0,2.0,3.0,5.0,2.0,3.0,4.0,3.0,16.0,0.044,Emiliano Buendía Stati
32,Matty,Cash,DEF,44,Aston Villa,9,0,0,1,112,0.5,2.0,4.1,0.03,0.02,0.05,328,146,2.0,False,,100.0,3.0,332,0.01,0.01,1160,1220,2,7,32,3.0,2.0,4.0,5.0,2.0,4.0,2.0,2.0,2.0,5.0,4.0,2.0,2.0,2.0,5.0,2.0,2.0,2.0,4.0,2.0,3.0,5.0,3.0,3.0,2.0,3.0,5.0,2.0,3.0,4.0,3.0,16.0,0.125,Matty Cash
33,Leander,Dendoncker,MID,45,Aston Villa,0,0,0,0,545,0.0,0.0,0.0,0.00,0.00,0.00,537,503,0.0,False,On loan to Anderlecht for the rest of the season,0.0,0.0,541,0.0,0.0,1160,1220,2,7,33,3.0,2.0,4.0,5.0,2.0,4.0,2.0,2.0,2.0,5.0,4.0,2.0,2.0,2.0,5.0,2.0,2.0,2.0,4.0,2.0,3.0,5.0,3.0,3.0,2.0,3.0,5.0,2.0,3.0,4.0,3.0,16.0,0.0,Leander Dendoncker
34,Moussa,Diaby,MID,65,Aston Villa,0,0,0,0,663,0.0,0.0,0.0,0.00,0.00,0.00,662,659,0.0,False,Permanent transfer to Al Ittihad,0.0,0.0,663,0.0,0.0,1160,1220,2,7,34,3.0,2.0,4.0,5.0,2.0,4.0,2.0,2.0,2.0,5.0,4.0,2.0,2.0,2.0,5.0,2.0,2.0,2.0,4.0,2.0,3.0,5.0,3.0,3.0,2.0,3.0,5.0,2.0,3.0,4.0,3.0,16.0,0.0,Moussa Diaby
35,Diego Carlos,Santos Silva,DEF,45,Aston Villa,9,0,0,1,115,0.7,2.0,4.9,0.00,0.03,0.03,251,93,3.0,False,,100.0,3.0,320,0.0,0.01,1160,1220,2,7,35,3.0,2.0,4.0,5.0,2.0,4.0,2.0,2.0,2.0,5.0,4.0,2.0,2.0,2.0,5.0,2.0,2.0,2.0,4.0,2.0,3.0,5.0,3.0,3.0,2.0,3.0,5.0,2.0,3.0,4.0,3.0,16.0,0.188,Diego Carlos Santos Silva
36,Lucas,Digne,DEF,46,Aston Villa,24,0,2,1,83,0.7,5.2,25.4,0.05,1.05,1.10,84,94,3.0,False,,,3.4,100,0.01,0.18,1160,1220,2,7,36,3.0,2.0,4.0,5.0,2.0,4.0,2.0,2.0,2.0,5.0,4.0,2.0,2.0,2.0,5.0,2.0,2.0,2.0,4.0,2.0,3.0,5.0,3.0,3.0,2.0,3.0,5.0,2.0,3.0,4.0,3.0,16.0,0.188,Lucas Digne
37,Lewis,Dobbin,MID,50,Aston Villa,0,0,0,0,639,0.0,0.0,0.0,0.00,0.00,0.00,635,624,0.0,False,Permanent transfer to West Bromwich Albion,0.0,0.0,638,0.0,0.0,1160,1220,2,7,37,3.0,2.0,4.0,5.0,2.0,4.0,2.0,2.0,2.0,5.0,4.0,2.0,2.0,2.0,5.0,2.0,2.0,2.0,4.0,2.0,3.0,5.0,3.0,3.0,2.0,3.0,5.0,2.0,3.0,4.0,3.0,16.0,0.0,Lewis Dobbin
38,Jhon,Durán,FWD,62,Aston Villa,27,4,0,0,60,0.4,4.4,27.9,2.07,0.17,2.24,69,142,2.3,False,,,3.9,85,1.01,0.08,1160,1220,2,7,38,3.0,2.0,4.0,5.0,2.0,4.0,2.0,2.0,2.0,5.0,4.0,2.0,2.0,2.0,5.0,2.0,2.0,2.0,4.0,2.0,3.0,5.0,3.0,3.0,2.0,3.0,5.0,2.0,3.0,4.0,3.0,16.0,0.144,Jhon Durán
39,Joe,Gauci,GK,40,Aston Villa,0,0,0,0,472,0.0,0.0,0.0,0.00,0.00,0.00,465,404,0.0,False,,,0.0,469,0.0,0.0,1160,1220,2,7,39,3.0,2.0,4.0,5.0,2.0,4.0,2.0,2.0,2.0,5.0,4.0,2.0,2.0,2.0,5.0,2.0,2.0,2.0,4.0,2.0,3.0,5.0,3.0,3.0,2.0,3.0,5.0,2.0,3.0,4.0,3.0,16.0,0.0,Joe Gauci
40,Kortney,Hause,DEF,40,Aston Villa,0,0,0,0,443,0.0,0.0,0.0,0.00,0.00,0.00,434,372,0.0,False,,,0.0,438,0.0,0.0,1160,1220,2,7,40,3.0,2.0,4.0,5.0,2.0,4.0,2.0,2.0,2.0,5.0,4.0,2.0,2.0,2.0,5.0,2.0,2.0,2.0,4.0,2.0,3.0,5.0,3.0,3.0,2.0,3.0,5.0,2.0,3.0,4.0,3.0,16.0,0.0,Kortney Hause
41,Samuel,Iling-Junior,MID,54,Aston Villa,0,0,0,0,654,0.0,0.0,0.0,0.00,0.00,0.00,652,646,0.0,False,Season long loan to Bologna,0.0,0.0,654,0.0,0.0,1160,1220,2,7,41,3.0,2.0,4.0,5.0,2.0,4.0,2.0,2.0,2.0,5.0,4.0,2.0,2.0,2.0,5.0,2.0,2.0,2.0,4.0,2.0,3.0,5.0,3.0,3.0,2.0,3.0,5.0,2.0,3.0,4.0,3.0,16.0,0.0,Samuel Iling-Junior
42,Boubacar,Kamara,MID,50,Aston Villa,0,0,0,0,633,0.0,0.0,0.0,0.00,0.00,0.00,629,617,0.0,False,Lack of match fitness - 50% chance of playing,50.0,0.0,632,0.0,0.0,1160,1220,2,7,42,3.0,2.0,4.0,5.0,2.0,4.0,2.0,2.0,2.0,5.0,4.0,2.0,2.0,2.0,5.0,2.0,2.0,2.0,4.0,2.0,3.0,5.0,3.0,3.0,2.0,3.0,5.0,2.0,3.0,4.0,3.0,16.0,0.0,Boubacar Kamara
43,Kaine,Kesler-Hayden,DEF,40,Aston Villa,0,0,0,0,475,0.0,0.0,0.0,0.00,0.00,0.00,468,407,0.0,False,Has joined Preston North End for the rest of the season,0.0,0.0,472,0.0,0.0,1160,1220,2,7,43,3.0,2.0,4.0,5.0,2.0,4.0,2.0,2.0,2.0,5.0,4.0,2.0,2.0,2.0,5.0,2.0,2.0,2.0,4.0,2.0,3.0,5.0,3.0,3.0,2.0,3.0,5.0,2.0,3.0,4.0,3.0,16.0,0.0,Kaine Kesler-Hayden
44,Ezri,Konsa Ngoyo,DEF,45,Aston Villa,17,1,0,0,165,0.8,3.8,20.1,0.28,0.07,0.35,110,70,3.7,False,Hamstring injury - 75% chance of playing,75.0,2.4,151,0.05,0.01,1160,1220,2,7,44,3.0,2.0,4.0,5.0,2.0,4.0,2.0,2.0,2.0,5.0,4.0,2.0,2.0,2.0,5.0,2.0,2.0,2.0,4.0,2.0,3.0,5.0,3.0,3.0,2.0,3.0,5.0,2.0,3.0,4.0,3.0,16.0,0.231,Ezri Konsa Ngoyo
45,Ian,Maatsen,DEF,48,Aston Villa,7,0,0,0,358,0.2,1.5,12.0,0.01,0.64,0.65,295,237,1.0,False,,,1.0,238,0.01,0.49,1160,1220,2,7,45,3.0,2.0,4.0,5.0,2.0,4.0,2.0,2.0,2.0,5.0,4.0,2.0,2.0,2.0,5.0,2.0,2.0,2.0,4.0,2.0,3.0,5.0,3.0,3.0,2.0,3.0,5.0,2.0,3.0,4.0,3.0,16.0,0.062,Ian Maatsen
46,Filip,Marschall,GK,40,Aston Villa,0,0,0,0,471,0.0,0.0,0.0,0.00,0.00,0.00,464,403,0.0,False,Has joined MK Dons for the rest of the season,0.0,0.0,468,0.0,0.0,1160,1220,2,7,46,3.0,2.0,4.0,5.0,2.0,4.0,2.0,2.0,2.0,5.0,4.0,2.0,2.0,2.0,5.0,2.0,2.0,2.0,4.0,2.0,3.0,5.0,3.0,3.0,2.0,3.0,5.0,2.0,3.0,4.0,3.0,16.0,0.0,Filip Marschall
47,Emiliano,Martínez Romero,GK,50,Aston Villa,20,0,0,1,125,0.9,4.0,14.3,0.00,0.00,0.00,68,45,4.7,False,,,2.9,213,0.0,0.0,1160,1220,2,7,47,3.0,2.0,4.0,5.0,2.0,4.0,2.0,2.0,2.0,5.0,4.0,2.0,2.0,2.0,5.0,2.0,2.0,2.0,4.0,2.0,3.0,5.0,3.0,3.0,2.0,3.0,5.0,2.0,3.0,4.0,3.0,16.0,0.294,Emiliano Martínez Romero
48,John,McGinn,MID,52,Aston Villa,9,0,0,1,229,0.1,1.7,8.8,0.51,0.54,1.05,351,342,0.3,False,Hamstring injury - Unknown return date,0.0,1.8,268,0.13,0.14,1160,1220,2,7,48,3.0,2.0,4.0,5.0,2.0,4.0,2.0,2.0,2.0,5.0,4.0,2.0,2.0,2.0,5.0,2.0,2.0,2.0,4.0,2.0,3.0,5.0,3.0,3.0,2.0,3.0,5.0,2.0,3.0,4.0,3.0,16.0,0.019,John McGinn
49,Tyrone,Mings,DEF,44,Aston Villa,0,0,0,0,523,0.0,0.0,0.0,0.00,0.00,0.00,515,472,0.0,False,Lack of match fitness - 50% chance of playing,50.0,0.0,519,0.0,0.0,1160,1220,2,7,49,3.0,2.0,4.0,5.0,2.0,4.0,2.0,2.0,2.0,5.0,4.0,2.0,2.0,2.0,5.0,2.0,2.0,2.0,4.0,2.0,3.0,5.0,3.0,3.0,2.0,3.0,5.0,2.0,3.0,4.0,3.0,16.0,0.0,Tyrone Mings
50,Kosta,Nedeljković,DEF,40,Aston Villa,3,0,0,0,324,0.0,0.8,2.9,0.00,0.02,0.02,309,433,0.0,False,,,1.0,351,0.0,0.02,1160,1220,2,7,50,3.0,2.0,4.0,5.0,2.0,4.0,2.0,2.0,2.0,5.0,4.0,2.0,2.0,2.0,5.0,2.0,2.0,2.0,4.0,2.0,3.0,5.0,3.0,3.0,2.0,3.0,5.0,2.0,3.0,4.0,3.0,16.0,0.0,Kosta Nedeljković
51,Robin,Olsen,GK,45,Aston Villa,0,0,0,0,544,0.0,0.0,0.0,0.00,0.00,0.00,536,502,0.0,False,,100.0,0.0,540,0.0,0.0,1160,1220,2,7,51,3.0,2.0,4.0,5.0,2.0,4.0,2.0,2.0,2.0,5.0,4.0,2.0,2.0,2.0,5.0,2.0,2.0,2.0,4.0,2.0,3.0,5.0,3.0,3.0,2.0,3.0,5.0,2.0,3.0,4.0,3.0,16.0,0.0,Robin Olsen
52,Pau,Torres,DEF,45,Aston Villa,14,0,0,1,209,0.6,3.1,13.6,0.00,0.11,0.11,144,115,2.7,False,,,2.0,219,0.0,0.02,1160,1220,2,7,52,3.0,2.0,4.0,5.0,2.0,4.0,2.0,2.0,2.0,5.0,4.0,2.0,2.0,2.0,5.0,2.0,2.0,2.0,4.0,2.0,3.0,5.0,3.0,3.0,2.0,3.0,5.0,2.0,3.0,4.0,3.0,16.0,0.169,Pau Torres
53,Jacob,Ramsey,MID,55,Aston Villa,13,0,1,0,190,0.2,2.4,18.5,0.46,0.83,1.29,235,218,1.3,False,Groin Injury - 75% chance of playing,75.0,2.2,166,0.12,0.22,1160,1220,2,7,53,3.0,2.0,4.0,5.0,2.0,4.0,2.0,2.0,2.0,5.0,4.0,2.0,2.0,2.0,5.0,2.0,2.0,2.0,4.0,2.0,3.0,5.0,3.0,3.0,2.0,3.0,5.0,2.0,3.0,4.0,3.0,16.0,0.081,Jacob Ramsey
54,Morgan,Rogers,MID,53,Aston Villa,28,1,2,1,55,1.3,5.3,40.7,0.84,1.15,1.99,80,12,6.7,False,,,4.0,35,0.13,0.17,1160,1220,2,7,54,3.0,2.0,4.0,5.0,2.0,4.0,2.0,2.0,2.0,5.0,4.0,2.0,2.0,2.0,5.0,2.0,2.0,2.0,4.0,2.0,3.0,5.0,3.0,3.0,2.0,3.0,5.0,2.0,3.0,4.0,3.0,16.0,0.419,Morgan Rogers
55,Viljami,Sinisalo,GK,40,Aston Villa,0,0,0,0,463,0.0,0.0,0.0,0.00,0.00,0.00,456,395,0.0,False,Permanent transfer to Celtic,0.0,0.0,460,0.0,0.0,1160,1220,2,7,55,3.0,2.0,4.0,5.0,2.0,4.0,2.0,2.0,2.0,5.0,4.0,2.0,2.0,2.0,5.0,2.0,2.0,2.0,4.0,2.0,3.0,5.0,3.0,3.0,2.0,3.0,5.0,2.0,3.0,4.0,3.0,16.0,0.0,Viljami Sinisalo
56,Lino,da Cruz Sousa,DEF,40,Aston Villa,0,0,0,0,488,0.0,0.0,0.0,0.00,0.00,0.00,480,420,0.0,False,Loaned to  Bristol Rovers,0.0,0.0,484,0.0,0.0,1160,1220,2,7,56,3.0,2.0,4.0,5.0,2.0,4.0,2.0,2.0,2.0,5.0,4.0,2.0,2.0,2.0,5.0,2.0,2.0,2.0,4.0,2.0,3.0,5.0,3.0,3.0,2.0,3.0,5.0,2.0,3.0,4.0,3.0,16.0,0.0,Lino da Cruz Sousa
57,Youri,Tielemans,MID,55,Aston Villa,22,0,2,1,106,0.6,4.0,38.0,0.29,1.60,1.89,53,85,3.3,False,,,3.1,48,0.04,0.23,1160,1220,2,7,57,3.0,2.0,4.0,5.0,2.0,4.0,2.0,2.0,2.0,5.0,4.0,2.0,2.0,2.0,5.0,2.0,2.0,2.0,4.0,2.0,3.0,5.0,3.0,3.0,2.0,3.0,5.0,2.0,3.0,4.0,3.0,16.0,0.206,Youri Tielemans
58,Ollie,Watkins,FWD,91,Aston Villa,41,4,2,3,15,0.7,4.5,48.2,3.56,0.33,3.89,36,21,6.3,False,,100.0,5.9,24,0.6,0.06,1160,1220,2,7,58,3.0,2.0,4.0,5.0,2.0,4.0,2.0,2.0,2.0,5.0,4.0,2.0,2.0,2.0,5.0,2.0,2.0,2.0,4.0,2.0,3.0,5.0,3.0,3.0,2.0,3.0,5.0,2.0,3.0,4.0,3.0,16.0,0.394,Ollie Watkins
233,Amadou,Onana,MID,51,Aston Villa,25,2,0,1,47,0.3,4.9,25.6,1.11,0.13,1.24,79,213,1.3,False,Hamstring injury - 75% chance of playing,75.0,4.2,99,0.24,0.03,1160,1220,2,7,233,3.0,2.0,4.0,5.0,2.0,4.0,2.0,2.0,2.0,5.0,4.0,2.0,2.0,2.0,5.0,2.0,2.0,2.0,4.0,2.0,3.0,5.0,3.0,3.0,2.0,3.0,5.0,2.0,3.0,4.0,3.0,16.0,0.081,Amadou Onana
569,Jaden,Philogene,MID,53,Aston Villa,5,0,0,1,308,0.2,0.9,2.2,0.19,0.05,0.24,381,216,1.3,False,Knock - 75% chance of playing,75.0,1.2,369,0.13,0.03,1160,1220,2,7,569,3.0,2.0,4.0,5.0,2.0,4.0,2.0,2.0,2.0,5.0,4.0,2.0,2.0,2.0,5.0,2.0,2.0,2.0,4.0,2.0,3.0,5.0,3.0,3.0,2.0,3.0,5.0,2.0,3.0,4.0,3.0,16.0,0.081,Jaden Philogene
598,Lamare,Bogarde,DEF,40,Aston Villa,2,0,0,0,323,0.0,0.5,4.4,0.00,0.08,0.08,292,422,0.0,False,,,1.0,325,0.0,0.04,1160,1220,2,7,598,3.0,2.0,4.0,5.0,2.0,4.0,2.0,2.0,2.0,5.0,4.0,2.0,2.0,2.0,5.0,2.0,2.0,2.0,4.0,2.0,3.0,5.0,3.0,3.0,2.0,3.0,5.0,2.0,3.0,4.0,3.0,16.0,0.0,Lamare Bogarde
640,Sil,Swinkels,DEF,40,Aston Villa,0,0,0,0,487,0.0,0.0,0.0,0.00,0.00,0.00,479,419,0.0,False,,,0.0,483,0.0,0.0,1160,1220,2,7,640,3.0,2.0,4.0,5.0,2.0,4.0,2.0,2.0,2.0,5.0,4.0,2.0,2.0,2.0,5.0,2.0,2.0,2.0,4.0,2.0,3.0,5.0,3.0,3.0,2.0,3.0,5.0,2.0,3.0,4.0,3.0,16.0,0.0,Sil Swinkels
641,Oliwier,Zych,GK,40,Aston Villa,0,0,0,0,490,0.0,0.0,0.0,0.00,0.00,0.00,482,423,0.0,False,,,0.0,486,0.0,0.0,1160,1220,2,7,641,3.0,2.0,4.0,5.0,2.0,4.0,2.0,2.0,2.0,5.0,4.0,2.0,2.0,2.0,5.0,2.0,2.0,2.0,4.0,2.0,3.0,5.0,3.0,3.0,2.0,3.0,5.0,2.0,3.0,4.0,3.0,16.0,0.0,Oliwier Zych
656,Kadan,Young,MID,45,Aston Villa,0,0,0,0,597,0.0,0.0,0.0,0.00,0.00,0.00,589,561,0.0,False,,,0.0,593,0.0,0.0,1160,1220,2,7,656,3.0,2.0,4.0,5.0,2.0,4.0,2.0,2.0,2.0,5.0,4.0,2.0,2.0,2.0,5.0,2.0,2.0,2.0,4.0,2.0,3.0,5.0,3.0,3.0,2.0,3.0,5.0,2.0,3.0,4.0,3.0,16.0,0.0,Kadan Young
59,Max,Aarons,DEF,44,Bournemouth,0,0,0,0,528,0.0,0.0,0.0,0.00,0.00,0.00,520,483,0.0,False,,,0.0,524,0.0,0.0,1100,1145,3,91,59,5.0,4.0,5.0,3.0,2.0,2.0,4.0,2.0,2.0,3.0,2.0,3.0,2.0,4.0,4.0,3.0,5.0,2.0,2.0,3.0,4.0,2.0,2.0,2.0,2.0,2.0,3.0,5.0,3.0,5.0,2.0,19.0,0.0,Max Aarons
60,Tyler,Adams,MID,49,Bournemouth,0,0,0,0,623,0.0,0.0,0.0,0.00,0.00,0.00,617,598,0.0,False,Back injury - 50% chance of playing,50.0,0.0,620,0.0,0.0,1100,1145,3,91,60,5.0,4.0,5.0,3.0,2.0,2.0,4.0,2.0,2.0,3.0,2.0,3.0,2.0,4.0,4.0,3.0,5.0,2.0,2.0,3.0,4.0,2.0,2.0,2.0,2.0,2.0,3.0,5.0,3.0,5.0,2.0,19.0,0.0,Tyler Adams
61,Jaidon,Anthony,MID,45,Bournemouth,0,0,0,0,558,0.0,0.0,0.0,0.00,0.00,0.00,550,518,0.0,False,Season long loan to Burnley,0.0,0.0,554,0.0,0.0,1100,1145,3,91,61,5.0,4.0,5.0,3.0,2.0,2.0,4.0,2.0,2.0,3.0,2.0,3.0,2.0,4.0,4.0,3.0,5.0,2.0,2.0,3.0,4.0,2.0,2.0,2.0,2.0,2.0,3.0,5.0,3.0,5.0,2.0,19.0,0.0,Jaidon Anthony
62,David,Brooks,MID,49,Bournemouth,1,0,0,0,363,0.1,0.2,2.0,0.00,0.26,0.26,388,332,0.3,False,,100.0,1.0,374,0.0,2.6,1100,1145,3,91,62,5.0,4.0,5.0,3.0,2.0,2.0,4.0,2.0,2.0,3.0,2.0,3.0,2.0,4.0,4.0,3.0,5.0,2.0,2.0,3.0,4.0,2.0,2.0,2.0,2.0,2.0,3.0,5.0,3.0,5.0,2.0,19.0,0.016,David Brooks
63,Ryan,Christie,MID,49,Bournemouth,12,0,0,2,238,0.3,2.4,21.4,0.26,0.19,0.45,204,173,1.7,False,,,1.7,138,0.05,0.04,1100,1145,3,91,63,5.0,4.0,5.0,3.0,2.0,2.0,4.0,2.0,2.0,3.0,2.0,3.0,2.0,4.0,4.0,3.0,5.0,2.0,2.0,3.0,4.0,2.0,2.0,2.0,2.0,2.0,3.0,5.0,3.0,5.0,2.0,19.0,0.089,Ryan Christie
64,Lewis,Cook,MID,50,Bournemouth,24,1,2,0,85,0.9,4.8,42.5,0.33,1.26,1.59,35,53,4.3,False,,,3.4,31,0.05,0.18,1100,1145,3,91,64,5.0,4.0,5.0,3.0,2.0,2.0,4.0,2.0,2.0,3.0,2.0,3.0,2.0,4.0,4.0,3.0,5.0,2.0,2.0,3.0,4.0,2.0,2.0,2.0,2.0,2.0,3.0,5.0,3.0,5.0,2.0,19.0,0.226,Lewis Cook
65,Enes,Ünal,FWD,54,Bournemouth,4,0,0,0,383,0.2,0.7,6.8,0.56,0.06,0.62,362,247,1.0,False,,100.0,1.0,291,0.99,0.11,1100,1145,3,91,65,5.0,4.0,5.0,3.0,2.0,2.0,4.0,2.0,2.0,3.0,2.0,3.0,2.0,4.0,4.0,3.0,5.0,2.0,2.0,3.0,4.0,2.0,2.0,2.0,2.0,2.0,3.0,5.0,3.0,5.0,2.0,19.0,0.053,Enes Ünal
66,Romain,Faivre,MID,50,Bournemouth,0,0,0,0,637,0.0,0.0,0.0,0.00,0.00,0.00,633,622,0.0,False,Loaned to Brest,0.0,0.0,636,0.0,0.0,1100,1145,3,91,66,5.0,4.0,5.0,3.0,2.0,2.0,4.0,2.0,2.0,3.0,2.0,3.0,2.0,4.0,4.0,3.0,5.0,2.0,2.0,3.0,4.0,2.0,2.0,2.0,2.0,2.0,3.0,5.0,3.0,5.0,2.0,19.0,0.0,Romain Faivre
67,Hamed,Traorè,MID,45,Bournemouth,0,0,0,0,557,0.0,0.0,0.0,0.00,0.00,0.00,549,517,0.0,False,Season long loan to A.J.Auxerre,0.0,0.0,553,0.0,0.0,1100,1145,3,91,67,5.0,4.0,5.0,3.0,2.0,2.0,4.0,2.0,2.0,3.0,2.0,3.0,2.0,4.0,4.0,3.0,5.0,2.0,2.0,3.0,4.0,2.0,2.0,2.0,2.0,2.0,3.0,5.0,3.0,5.0,2.0,19.0,0.0,Hamed Traorè
68,James,Hill,DEF,40,Bournemouth,0,0,0,0,474,0.0,0.0,0.0,0.00,0.00,0.00,467,406,0.0,False,,,0.0,471,0.0,0.0,1100,1145,3,91,68,5.0,4.0,5.0,3.0,2.0,2.0,4.0,2.0,2.0,3.0,2.0,3.0,2.0,4.0,4.0,3.0,5.0,2.0,2.0,3.0,4.0,2.0,2.0,2.0,2.0,2.0,3.0,5.0,3.0,5.0,2.0,19.0,0.0,James Hill
69,Daniel,Jebbison,FWD,45,Bournemouth,2,0,0,0,344,0.0,0.4,1.6,0.00,0.00,0.00,397,553,0.0,False,Loaned to Watford,0.0,1.0,389,0.0,0.0,1100,1145,3,91,69,5.0,4.0,5.0,3.0,2.0,2.0,4.0,2.0,2.0,3.0,2.0,3.0,2.0,4.0,4.0,3.0,5.0,2.0,2.0,3.0,4.0,2.0,2.0,2.0,2.0,2.0,3.0,5.0,3.0,5.0,2.0,19.0,0.0,Daniel Jebbison
70,Milos,Kerkez,DEF,45,Bournemouth,10,0,0,0,276,0.3,2.2,17.0,0.11,0.21,0.32,177,198,1.3,False,Knock - 75% chance of playing,75.0,1.4,183,0.02,0.03,1100,1145,3,91,70,5.0,4.0,5.0,3.0,2.0,2.0,4.0,2.0,2.0,3.0,2.0,3.0,2.0,4.0,4.0,3.0,5.0,2.0,2.0,3.0,4.0,2.0,2.0,2.0,2.0,2.0,3.0,5.0,3.0,5.0,2.0,19.0,0.068,Milos Kerkez
71,Justin,Kluivert,MID,53,Bournemouth,12,0,1,2,245,0.1,2.3,28.1,0.74,0.50,1.24,225,291,0.7,False,,,1.7,82,0.18,0.12,1100,1145,3,91,71,5.0,4.0,5.0,3.0,2.0,2.0,4.0,2.0,2.0,3.0,2.0,3.0,2.0,4.0,4.0,3.0,5.0,2.0,2.0,3.0,4.0,2.0,2.0,2.0,2.0,2.0,3.0,5.0,3.0,5.0,2.0,19.0,0.037,Justin Kluivert
72,Chris,Mepham,DEF,44,Bournemouth,0,0,0,0,527,0.0,0.0,0.0,0.00,0.00,0.00,519,480,0.0,False,On loan to Sunderland for the season,0.0,0.0,523,0.0,0.0,1100,1145,3,91,72,5.0,4.0,5.0,3.0,2.0,2.0,4.0,2.0,2.0,3.0,2.0,3.0,2.0,4.0,4.0,3.0,5.0,2.0,2.0,3.0,4.0,2.0,2.0,2.0,2.0,2.0,3.0,5.0,3.0,5.0,2.0,19.0,0.0,Chris Mepham
74,Dango,Ouattara,MID,50,Bournemouth,17,1,1,0,132,0.7,3.4,23.2,1.61,0.83,2.44,156,84,3.3,False,,100.0,2.8,119,0.56,0.29,1100,1145,3,91,74,5.0,4.0,5.0,3.0,2.0,2.0,4.0,2.0,2.0,3.0,2.0,3.0,2.0,4.0,4.0,3.0,5.0,2.0,2.0,3.0,4.0,2.0,2.0,2.0,2.0,2.0,3.0,5.0,3.0,5.0,2.0,19.0,0.174,Dango Ouattara
75,Alex,Paulsen,GK,40,Bournemouth,0,0,0,0,479,0.0,0.0,0.0,0.00,0.00,0.00,472,411,0.0,False,Loaned to Auckland FC,0.0,0.0,476,0.0,0.0,1100,1145,3,91,75,5.0,4.0,5.0,3.0,2.0,2.0,4.0,2.0,2.0,3.0,2.0,3.0,2.0,4.0,4.0,3.0,5.0,2.0,2.0,3.0,4.0,2.0,2.0,2.0,2.0,2.0,3.0,5.0,3.0,5.0,2.0,19.0,0.0,Alex Paulsen
76,Philip,Billing,MID,48,Bournemouth,2,0,0,0,353,0.0,0.4,1.4,0.00,0.09,0.09,385,582,0.0,False,,100.0,1.0,395,0.0,0.39,1100,1145,3,91,76,5.0,4.0,5.0,3.0,2.0,2.0,4.0,2.0,2.0,3.0,2.0,3.0,2.0,4.0,4.0,3.0,5.0,2.0,2.0,3.0,4.0,2.0,2.0,2.0,2.0,2.0,3.0,5.0,3.0,5.0,2.0,19.0,0.0,Philip Billing
77,Alex,Scott,MID,49,Bournemouth,8,0,0,0,313,0.2,1.6,11.8,0.12,0.09,0.21,210,241,1.0,False,,,1.1,241,0.06,0.04,1100,1145,3,91,77,5.0,4.0,5.0,3.0,2.0,2.0,4.0,2.0,2.0,3.0,2.0,3.0,2.0,4.0,4.0,3.0,5.0,2.0,2.0,3.0,4.0,2.0,2.0,2.0,2.0,2.0,3.0,5.0,3.0,5.0,2.0,19.0,0.053,Alex Scott
78,Antoine,Semenyo,MID,57,Bournemouth,31,3,1,0,41,0.6,5.4,52.1,2.12,1.48,3.60,37,74,3.7,False,,,4.4,18,0.31,0.22,1100,1145,3,91,78,5.0,4.0,5.0,3.0,2.0,2.0,4.0,2.0,2.0,3.0,2.0,3.0,2.0,4.0,4.0,3.0,5.0,2.0,2.0,3.0,4.0,2.0,2.0,2.0,2.0,2.0,3.0,5.0,3.0,5.0,2.0,19.0,0.195,Antoine Semenyo
79,Marcos,Senesi,DEF,48,Bournemouth,6,0,0,0,300,0.2,1.2,18.4,0.12,0.27,0.39,95,236,1.0,False,,,1.2,167,0.02,0.06,1100,1145,3,91,79,5.0,4.0,5.0,3.0,2.0,2.0,4.0,2.0,2.0,3.0,2.0,3.0,2.0,4.0,4.0,3.0,5.0,2.0,2.0,3.0,4.0,2.0,2.0,2.0,2.0,2.0,3.0,5.0,3.0,5.0,2.0,19.0,0.053,Marcos Senesi
80,Luis,Sinisterra,MID,50,Bournemouth,18,1,1,0,153,0.2,3.6,36.7,1.09,0.91,2.00,145,242,1.0,False,,,2.6,50,0.56,0.47,1100,1145,3,91,80,5.0,4.0,5.0,3.0,2.0,2.0,4.0,2.0,2.0,3.0,2.0,3.0,2.0,4.0,4.0,3.0,5.0,2.0,2.0,3.0,4.0,2.0,2.0,2.0,2.0,2.0,3.0,5.0,3.0,5.0,2.0,19.0,0.053,Luis Sinisterra
81,Adam,Smith,DEF,45,Bournemouth,14,0,0,1,207,0.4,3.1,6.1,0.00,0.02,0.02,260,167,1.7,False,,,2.0,301,0.0,0.01,1100,1145,3,91,81,5.0,4.0,5.0,3.0,2.0,2.0,4.0,2.0,2.0,3.0,2.0,3.0,2.0,4.0,4.0,3.0,5.0,2.0,2.0,3.0,4.0,2.0,2.0,2.0,2.0,2.0,3.0,5.0,3.0,5.0,2.0,19.0,0.089,Adam Smith
83,Marcus,Tavernier,MID,55,Bournemouth,24,1,1,1,86,0.5,4.4,58.2,2.22,0.88,3.10,67,124,2.7,False,,,3.4,13,0.33,0.13,1100,1145,3,91,83,5.0,4.0,5.0,3.0,2.0,2.0,4.0,2.0,2.0,3.0,2.0,3.0,2.0,4.0,4.0,3.0,5.0,2.0,2.0,3.0,4.0,2.0,2.0,2.0,2.0,2.0,3.0,5.0,3.0,5.0,2.0,19.0,0.142,Marcus Tavernier
84,Mark,Travers,GK,44,Bournemouth,2,0,0,0,206,0.0,0.5,1.4,0.00,0.00,0.00,342,481,0.0,False,,,2.0,394,0.0,0.0,1100,1145,3,91,84,5.0,4.0,5.0,3.0,2.0,2.0,4.0,2.0,2.0,3.0,2.0,3.0,2.0,4.0,4.0,3.0,5.0,2.0,2.0,3.0,4.0,2.0,2.0,2.0,2.0,2.0,3.0,5.0,3.0,5.0,2.0,19.0,0.0,Mark Travers
85,Illia,Zabarnyi,DEF,45,Bournemouth,12,0,0,0,234,0.4,2.7,14.3,0.30,0.06,0.36,114,171,1.7,False,,,1.7,212,0.04,0.01,1100,1145,3,91,85,5.0,4.0,5.0,3.0,2.0,2.0,4.0,2.0,2.0,3.0,2.0,3.0,2.0,4.0,4.0,3.0,5.0,2.0,2.0,3.0,4.0,2.0,2.0,2.0,2.0,2.0,3.0,5.0,3.0,5.0,2.0,19.0,0.089,Illia Zabarnyi
152,Kepa,Arrizabalaga,GK,45,Bournemouth,11,0,0,0,129,0.6,2.4,12.9,0.00,0.00,0.00,89,112,2.7,False,,100.0,2.8,227,0.0,0.0,1100,1145,3,91,152,5.0,4.0,5.0,3.0,2.0,2.0,4.0,2.0,2.0,3.0,2.0,3.0,2.0,4.0,4.0,3.0,5.0,2.0,2.0,3.0,4.0,2.0,2.0,2.0,2.0,2.0,3.0,5.0,3.0,5.0,2.0,19.0,0.142,Kepa Arrizabalaga
580,Dean,Huijsen,DEF,44,Bournemouth,3,0,0,0,336,0.0,0.7,7.5,0.04,0.01,0.05,269,496,0.0,False,,,1.0,285,0.02,0.0,1100,1145,3,91,580,5.0,4.0,5.0,3.0,2.0,2.0,4.0,2.0,2.0,3.0,2.0,3.0,2.0,4.0,4.0,3.0,5.0,2.0,2.0,3.0,4.0,2.0,2.0,2.0,2.0,2.0,3.0,5.0,3.0,5.0,2.0,19.0,0.0,Dean Huijsen
592,Julián,Araujo Zúñiga,DEF,45,Bournemouth,6,0,0,0,298,0.1,1.3,3.9,0.00,0.03,0.03,291,317,0.3,False,,,1.2,335,0.0,0.01,1100,1145,3,91,592,5.0,4.0,5.0,3.0,2.0,2.0,4.0,2.0,2.0,3.0,2.0,3.0,2.0,4.0,4.0,3.0,5.0,2.0,2.0,3.0,4.0,2.0,2.0,2.0,2.0,2.0,3.0,5.0,3.0,5.0,2.0,19.0,0.016,Julián Araujo Zúñiga
599,Will,Dennis,GK,40,Bournemouth,0,0,0,0,468,0.0,0.0,0.0,0.00,0.00,0.00,461,400,0.0,False,,,0.0,465,0.0,0.0,1100,1145,3,91,599,5.0,4.0,5.0,3.0,2.0,2.0,4.0,2.0,2.0,3.0,2.0,3.0,2.0,4.0,4.0,3.0,5.0,2.0,2.0,3.0,4.0,2.0,2.0,2.0,2.0,2.0,3.0,5.0,3.0,5.0,2.0,19.0,0.0,Will Dennis
617,Francisco Evanilson,de Lima Barbosa,FWD,59,Bournemouth,17,1,0,2,134,0.7,2.9,23.5,2.46,0.55,3.01,224,55,4.3,False,,,2.8,116,0.51,0.11,1100,1145,3,91,617,5.0,4.0,5.0,3.0,2.0,2.0,4.0,2.0,2.0,3.0,2.0,3.0,2.0,4.0,4.0,3.0,5.0,2.0,2.0,3.0,4.0,2.0,2.0,2.0,2.0,2.0,3.0,5.0,3.0,5.0,2.0,19.0,0.226,Francisco Evanilson de Lima Barbosa
86,Kristoffer,Ajer,DEF,45,Brentford,7,0,0,0,337,0.2,1.6,14.8,0.28,0.08,0.36,201,262,0.7,False,,100.0,1.0,202,0.05,0.01,1090,1155,4,94,86,3.0,2.0,3.0,2.0,2.0,2.0,4.0,3.0,4.0,3.0,3.0,5.0,2.0,5.0,5.0,2.0,4.0,2.0,2.0,2.0,3.0,3.0,4.0,4.0,5.0,2.0,2.0,3.0,2.0,2.0,2.0,12.0,0.058,Kristoffer Ajer
87,Ethan,Brierley,MID,45,Brentford,0,0,0,0,580,0.0,0.0,0.0,0.00,0.00,0.00,572,541,0.0,False,,100.0,0.0,576,0.0,0.0,1090,1155,4,94,87,3.0,2.0,3.0,2.0,2.0,2.0,4.0,3.0,4.0,3.0,3.0,5.0,2.0,5.0,5.0,2.0,4.0,2.0,2.0,2.0,3.0,3.0,4.0,4.0,5.0,2.0,2.0,3.0,2.0,2.0,2.0,12.0,0.0,Ethan Brierley
88,Nathan,Collins,DEF,45,Brentford,25,1,3,0,69,1.0,5.6,38.2,1.24,0.30,1.54,10,49,4.3,False,,,3.6,46,0.18,0.04,1090,1155,4,94,88,3.0,2.0,3.0,2.0,2.0,2.0,4.0,3.0,4.0,3.0,3.0,5.0,2.0,5.0,5.0,2.0,4.0,2.0,2.0,2.0,3.0,3.0,4.0,4.0,5.0,2.0,2.0,3.0,2.0,2.0,2.0,12.0,0.358,Nathan Collins
89,Mikkel,Damsgaard,MID,50,Brentford,22,0,2,1,104,1.0,4.4,38.9,0.32,1.20,1.52,72,36,5.0,False,,100.0,3.1,41,0.06,0.23,1090,1155,4,94,89,3.0,2.0,3.0,2.0,2.0,2.0,4.0,3.0,4.0,3.0,3.0,5.0,2.0,5.0,5.0,2.0,4.0,2.0,2.0,2.0,3.0,3.0,4.0,4.0,5.0,2.0,2.0,3.0,2.0,2.0,2.0,12.0,0.417,Mikkel Damsgaard
90,Josh,Dasilva,MID,49,Brentford,0,0,0,0,622,0.0,0.0,0.0,0.00,0.00,0.00,616,596,0.0,False,Knee injury - Unknown return date,0.0,0.0,619,0.0,0.0,1090,1155,4,94,90,3.0,2.0,3.0,2.0,2.0,2.0,4.0,3.0,4.0,3.0,3.0,5.0,2.0,5.0,5.0,2.0,4.0,2.0,2.0,2.0,3.0,3.0,4.0,4.0,5.0,2.0,2.0,3.0,2.0,2.0,2.0,12.0,0.0,Josh Dasilva
91,Mark,Flekken,GK,45,Brentford,19,0,0,0,137,0.5,4.2,27.8,0.00,0.02,0.02,4,131,2.3,False,,,2.7,88,0.0,0.0,1090,1155,4,94,91,3.0,2.0,3.0,2.0,2.0,2.0,4.0,3.0,4.0,3.0,3.0,5.0,2.0,5.0,5.0,2.0,4.0,2.0,2.0,2.0,3.0,3.0,4.0,4.0,5.0,2.0,2.0,3.0,2.0,2.0,2.0,12.0,0.192,Mark Flekken
92,Rico,Henry,DEF,43,Brentford,0,0,0,0,510,0.0,0.0,0.0,0.00,0.00,0.00,502,451,0.0,False,Lack of match fitness - Expected back 26 Oct,0.0,0.0,506,0.0,0.0,1090,1155,4,94,92,3.0,2.0,3.0,2.0,2.0,2.0,4.0,3.0,4.0,3.0,3.0,5.0,2.0,5.0,5.0,2.0,4.0,2.0,2.0,2.0,3.0,3.0,4.0,4.0,5.0,2.0,2.0,3.0,2.0,2.0,2.0,12.0,0.0,Rico Henry
93,Aaron,Hickey,DEF,44,Brentford,0,0,0,0,536,0.0,0.0,0.0,0.00,0.00,0.00,528,492,0.0,False,Hamstring injury - Unknown return date,0.0,0.0,532,0.0,0.0,1090,1155,4,94,93,3.0,2.0,3.0,2.0,2.0,2.0,4.0,3.0,4.0,3.0,3.0,5.0,2.0,5.0,5.0,2.0,4.0,2.0,2.0,2.0,3.0,3.0,4.0,4.0,5.0,2.0,2.0,3.0,2.0,2.0,2.0,12.0,0.0,Aaron Hickey
94,Vitaly,Janelt,MID,49,Brentford,17,0,1,1,166,0.6,3.5,19.1,0.17,0.39,0.56,157,118,2.7,False,,,2.4,156,0.03,0.06,1090,1155,4,94,94,3.0,2.0,3.0,2.0,2.0,2.0,4.0,3.0,4.0,3.0,3.0,5.0,2.0,5.0,5.0,2.0,4.0,2.0,2.0,2.0,3.0,3.0,4.0,4.0,5.0,2.0,2.0,3.0,2.0,2.0,2.0,12.0,0.225,Vitaly Janelt
95,Mathias,Jensen,MID,53,Brentford,9,0,1,0,121,0.0,1.7,12.9,0.10,0.46,0.56,272,642,0.0,False,Calf injury - Expected back 26 Oct,0.0,3.0,230,0.04,0.17,1090,1155,4,94,95,3.0,2.0,3.0,2.0,2.0,2.0,4.0,3.0,4.0,3.0,3.0,5.0,2.0,5.0,5.0,2.0,4.0,2.0,2.0,2.0,3.0,3.0,4.0,4.0,5.0,2.0,2.0,3.0,2.0,2.0,2.0,12.0,0.0,Mathias Jensen
96,Kim,Ji-soo,DEF,40,Brentford,0,0,0,0,498,0.0,0.0,0.0,0.00,0.00,0.00,490,431,0.0,False,,,0.0,494,0.0,0.0,1090,1155,4,94,96,3.0,2.0,3.0,2.0,2.0,2.0,4.0,3.0,4.0,3.0,3.0,5.0,2.0,5.0,5.0,2.0,4.0,2.0,2.0,2.0,3.0,3.0,4.0,4.0,5.0,2.0,2.0,3.0,2.0,2.0,2.0,12.0,0.0,Kim Ji-soo
97,Yunus Emre,Konak,MID,45,Brentford,3,0,0,0,348,0.2,0.7,0.4,0.15,0.00,0.15,411,234,1.0,False,,,1.0,409,0.79,0.0,1090,1155,4,94,97,3.0,2.0,3.0,2.0,2.0,2.0,4.0,3.0,4.0,3.0,3.0,5.0,2.0,5.0,5.0,2.0,4.0,2.0,2.0,2.0,3.0,3.0,4.0,4.0,5.0,2.0,2.0,3.0,2.0,2.0,2.0,12.0,0.083,Yunus Emre Konak
98,Keane,Lewis-Potter,MID,50,Brentford,17,0,2,0,169,0.7,3.4,27.9,0.36,0.68,1.04,132,72,3.7,False,,,2.4,84,0.07,0.13,1090,1155,4,94,98,3.0,2.0,3.0,2.0,2.0,2.0,4.0,3.0,4.0,3.0,3.0,5.0,2.0,5.0,5.0,2.0,4.0,2.0,2.0,2.0,3.0,3.0,4.0,4.0,5.0,2.0,2.0,3.0,2.0,2.0,2.0,12.0,0.308,Keane Lewis-Potter
99,Bryan,Mbeumo,MID,75,Brentford,51,6,0,0,7,1.1,6.8,70.7,2.85,1.98,4.83,7,4,8.3,True,,,7.3,5,0.41,0.28,1090,1155,4,94,99,3.0,2.0,3.0,2.0,2.0,2.0,4.0,3.0,4.0,3.0,3.0,5.0,2.0,5.0,5.0,2.0,4.0,2.0,2.0,2.0,3.0,3.0,4.0,4.0,5.0,2.0,2.0,3.0,2.0,2.0,2.0,12.0,0.692,Bryan Mbeumo
100,Ben,Mee,DEF,43,Brentford,1,0,0,0,327,0.0,0.2,0.0,0.00,0.00,0.00,496,439,0.0,False,,,1.0,500,0.0,0.0,1090,1155,4,94,100,3.0,2.0,3.0,2.0,2.0,2.0,4.0,3.0,4.0,3.0,3.0,5.0,2.0,5.0,5.0,2.0,4.0,2.0,2.0,2.0,3.0,3.0,4.0,4.0,5.0,2.0,2.0,3.0,2.0,2.0,2.0,12.0,0.0,Ben Mee
101,Christian,Nørgaard,MID,48,Brentford,14,1,0,0,130,0.5,2.9,21.9,0.76,0.08,0.84,119,134,2.3,False,,100.0,2.8,131,0.16,0.02,1090,1155,4,94,101,3.0,2.0,3.0,2.0,2.0,2.0,4.0,3.0,4.0,3.0,3.0,5.0,2.0,5.0,5.0,2.0,4.0,2.0,2.0,2.0,3.0,3.0,4.0,4.0,5.0,2.0,2.0,3.0,2.0,2.0,2.0,12.0,0.192,Christian Nørgaard
102,Frank,Onyeka,MID,49,Brentford,2,0,0,0,368,0.0,0.4,0.0,0.00,0.02,0.02,621,602,0.0,False,Loaned to FC Augsburg,0.0,1.0,624,0.0,0.08,1090,1155,4,94,102,3.0,2.0,3.0,2.0,2.0,2.0,4.0,3.0,4.0,3.0,3.0,5.0,2.0,5.0,5.0,2.0,4.0,2.0,2.0,2.0,3.0,3.0,4.0,4.0,5.0,2.0,2.0,3.0,2.0,2.0,2.0,12.0,0.0,Frank Onyeka
103,Myles,Peart-Harris,MID,45,Brentford,0,0,0,0,560,0.0,0.0,0.0,0.00,0.00,0.00,552,520,0.0,False,Loaned to Swansea City,0.0,0.0,556,0.0,0.0,1090,1155,4,94,103,3.0,2.0,3.0,2.0,2.0,2.0,4.0,3.0,4.0,3.0,3.0,5.0,2.0,5.0,5.0,2.0,4.0,2.0,2.0,2.0,3.0,3.0,4.0,4.0,5.0,2.0,2.0,3.0,2.0,2.0,2.0,12.0,0.0,Myles Peart-Harris
104,Ethan,Pinnock,DEF,45,Brentford,13,1,0,0,220,0.7,2.9,30.7,0.42,0.06,0.48,32,81,3.3,False,,,1.9,71,0.06,0.01,1090,1155,4,94,104,3.0,2.0,3.0,2.0,2.0,2.0,4.0,3.0,4.0,3.0,3.0,5.0,2.0,5.0,5.0,2.0,4.0,2.0,2.0,2.0,3.0,3.0,4.0,4.0,5.0,2.0,2.0,3.0,2.0,2.0,2.0,12.0,0.275,Ethan Pinnock
105,Mads,Roerslev Rasmussen,DEF,44,Brentford,7,0,0,0,296,0.2,1.6,5.0,0.01,0.18,0.19,301,260,0.7,False,,,1.2,318,0.0,0.06,1090,1155,4,94,105,3.0,2.0,3.0,2.0,2.0,2.0,4.0,3.0,4.0,3.0,3.0,5.0,2.0,5.0,5.0,2.0,4.0,2.0,2.0,2.0,3.0,3.0,4.0,4.0,5.0,2.0,2.0,3.0,2.0,2.0,2.0,12.0,0.058,Mads Roerslev Rasmussen
106,Kevin,Schade,MID,53,Brentford,14,0,1,1,217,0.2,2.6,18.1,0.96,0.05,1.01,246,217,1.3,False,,,2.0,172,0.23,0.01,1090,1155,4,94,106,3.0,2.0,3.0,2.0,2.0,2.0,4.0,3.0,4.0,3.0,3.0,5.0,2.0,5.0,5.0,2.0,4.0,2.0,2.0,2.0,3.0,3.0,4.0,4.0,5.0,2.0,2.0,3.0,2.0,2.0,2.0,12.0,0.108,Kevin Schade
107,Igor Thiago,Nascimento Rodrigues,FWD,59,Brentford,0,0,0,0,659,0.0,0.0,0.0,0.00,0.00,0.00,658,654,0.0,False,Knee injury - Expected back 29 Dec,0.0,0.0,659,0.0,0.0,1090,1155,4,94,107,3.0,2.0,3.0,2.0,2.0,2.0,4.0,3.0,4.0,3.0,3.0,5.0,2.0,5.0,5.0,2.0,4.0,2.0,2.0,2.0,3.0,3.0,4.0,4.0,5.0,2.0,2.0,3.0,2.0,2.0,2.0,12.0,0.0,Igor Thiago Nascimento Rodrigues
108,Ivan,Toney,FWD,73,Brentford,0,0,0,0,666,0.0,0.0,0.0,0.00,0.00,0.00,666,664,0.0,False,Transferred to Al-Ahli,0.0,0.0,666,0.0,0.0,1090,1155,4,94,108,3.0,2.0,3.0,2.0,2.0,2.0,4.0,3.0,4.0,3.0,3.0,5.0,2.0,5.0,5.0,2.0,4.0,2.0,2.0,2.0,3.0,3.0,4.0,4.0,5.0,2.0,2.0,3.0,2.0,2.0,2.0,12.0,0.0,Ivan Toney
109,Hákon,Valdimarsson,GK,40,Brentford,0,0,0,0,485,0.0,0.0,0.0,0.00,0.00,0.00,477,417,0.0,False,,,0.0,481,0.0,0.0,1090,1155,4,94,109,3.0,2.0,3.0,2.0,2.0,2.0,4.0,3.0,4.0,3.0,3.0,5.0,2.0,5.0,5.0,2.0,4.0,2.0,2.0,2.0,3.0,3.0,4.0,4.0,5.0,2.0,2.0,3.0,2.0,2.0,2.0,12.0,0.0,Hákon Valdimarsson
110,Yoane,Wissa,FWD,59,Brentford,28,3,1,0,9,0.0,4.7,33.7,2.43,0.27,2.70,87,652,0.0,False,Lack of match fitness - 50% chance of playing,50.0,7.0,59,0.75,0.08,1090,1155,4,94,110,3.0,2.0,3.0,2.0,2.0,2.0,4.0,3.0,4.0,3.0,3.0,5.0,2.0,5.0,5.0,2.0,4.0,2.0,2.0,2.0,3.0,3.0,4.0,4.0,5.0,2.0,2.0,3.0,2.0,2.0,2.0,12.0,0.0,Yoane Wissa
111,Yehor,Yarmoliuk,MID,44,Brentford,4,0,0,0,335,0.2,0.9,5.7,0.08,0.04,0.12,299,228,1.0,False,,,1.0,307,0.06,0.03,1090,1155,4,94,111,3.0,2.0,3.0,2.0,2.0,2.0,4.0,3.0,4.0,3.0,3.0,5.0,2.0,5.0,5.0,2.0,4.0,2.0,2.0,2.0,3.0,3.0,4.0,4.0,5.0,2.0,2.0,3.0,2.0,2.0,2.0,12.0,0.083,Yehor Yarmoliuk
112,Mathias,Jorgensen,DEF,45,Brentford,0,0,0,0,540,0.0,0.0,0.0,0.00,0.00,0.00,532,497,0.0,False,Joined Anderlecht,0.0,0.0,536,0.0,0.0,1090,1155,4,94,112,3.0,2.0,3.0,2.0,2.0,2.0,4.0,3.0,4.0,3.0,3.0,5.0,2.0,5.0,5.0,2.0,4.0,2.0,2.0,2.0,3.0,3.0,4.0,4.0,5.0,2.0,2.0,3.0,2.0,2.0,2.0,12.0,0.0,Mathias Jorgensen
314,Fábio,Freitas Gouveia Carvalho,MID,48,Brentford,18,1,1,0,150,1.0,3.8,18.9,0.99,0.43,1.42,166,44,4.7,False,,,2.6,160,0.37,0.16,1090,1155,4,94,314,3.0,2.0,3.0,2.0,2.0,2.0,4.0,3.0,4.0,3.0,3.0,5.0,2.0,5.0,5.0,2.0,4.0,2.0,2.0,2.0,3.0,3.0,4.0,4.0,5.0,2.0,2.0,3.0,2.0,2.0,2.0,12.0,0.392,Fábio Freitas Gouveia Carvalho
338,Sepp,van den Berg,DEF,40,Brentford,6,0,0,0,294,0.3,1.5,14.3,0.23,0.28,0.51,173,191,1.3,False,,,1.2,210,0.06,0.07,1090,1155,4,94,338,3.0,2.0,3.0,2.0,2.0,2.0,4.0,3.0,4.0,3.0,3.0,5.0,2.0,5.0,5.0,2.0,4.0,2.0,2.0,2.0,3.0,3.0,4.0,4.0,5.0,2.0,2.0,3.0,2.0,2.0,2.0,12.0,0.108,Sepp van den Berg
602,Ryan,Trevitt,MID,45,Brentford,1,0,0,0,346,0.1,0.2,0.3,0.00,0.00,0.00,405,323,0.3,False,,,1.0,416,0.0,0.0,1090,1155,4,94,602,3.0,2.0,3.0,2.0,2.0,2.0,4.0,3.0,4.0,3.0,3.0,5.0,2.0,5.0,5.0,2.0,4.0,2.0,2.0,2.0,3.0,3.0,4.0,4.0,5.0,2.0,2.0,3.0,2.0,2.0,2.0,12.0,0.025,Ryan Trevitt
634,Gustavo,Nunes Fernandes Gomes,MID,49,Brentford,0,0,0,0,631,0.0,0.0,0.0,0.00,0.00,0.00,627,613,0.0,False,Back injury - Unknown return date,0.0,0.0,630,0.0,0.0,1090,1155,4,94,634,3.0,2.0,3.0,2.0,2.0,2.0,4.0,3.0,4.0,3.0,3.0,5.0,2.0,5.0,5.0,2.0,4.0,2.0,2.0,2.0,3.0,3.0,4.0,4.0,5.0,2.0,2.0,3.0,2.0,2.0,2.0,12.0,0.0,Gustavo Nunes Fernandes Gomes
649,Jayden,Meghoma,DEF,40,Brentford,0,0,0,0,482,0.0,0.0,0.0,0.00,0.00,0.00,474,414,0.0,False,,,0.0,478,0.0,0.0,1090,1155,4,94,649,3.0,2.0,3.0,2.0,2.0,2.0,4.0,3.0,4.0,3.0,3.0,5.0,2.0,5.0,5.0,2.0,4.0,2.0,2.0,2.0,3.0,3.0,4.0,4.0,5.0,2.0,2.0,3.0,2.0,2.0,2.0,12.0,0.0,Jayden Meghoma
661,Tony,Yogane,MID,45,Brentford,0,0,0,0,611,0.0,0.0,0.0,0.00,0.00,0.00,603,575,0.0,False,,,0.0,607,0.0,0.0,1090,1155,4,94,661,3.0,2.0,3.0,2.0,2.0,2.0,4.0,3.0,4.0,3.0,3.0,5.0,2.0,5.0,5.0,2.0,4.0,2.0,2.0,2.0,3.0,3.0,4.0,4.0,5.0,2.0,2.0,3.0,2.0,2.0,2.0,12.0,0.0,Tony Yogane
113,Simon,Adingra,MID,54,Brighton,14,1,1,0,133,0.1,2.6,14.0,0.32,0.65,0.97,213,293,0.7,False,,100.0,2.8,216,0.21,0.44,1100,1175,5,36,113,4.0,2.0,5.0,5.0,3.0,2.0,3.0,2.0,2.0,2.0,2.0,4.0,5.0,2.0,3.0,2.0,2.0,4.0,2.0,2.0,2.0,5.0,3.0,2.0,2.0,3.0,2.0,3.0,2.0,5.0,4.0,19.0,0.037,Simon Adingra
114,Benicio,Baker-Boaitey,MID,45,Brighton,0,0,0,0,569,0.0,0.0,0.0,0.00,0.00,0.00,561,529,0.0,False,Loaned to Port Vale,0.0,0.0,565,0.0,0.0,1100,1175,5,36,114,4.0,2.0,5.0,5.0,3.0,2.0,3.0,2.0,2.0,2.0,2.0,4.0,5.0,2.0,3.0,2.0,2.0,4.0,2.0,2.0,2.0,5.0,3.0,2.0,2.0,3.0,2.0,3.0,2.0,5.0,4.0,19.0,0.0,Benicio Baker-Boaitey
115,Carlos,Baleba,MID,50,Brighton,21,1,1,1,81,1.0,4.2,22.9,0.75,0.13,0.88,121,37,5.0,False,Knock - 75% chance of playing,75.0,3.5,122,0.16,0.03,1100,1175,5,36,115,4.0,2.0,5.0,5.0,3.0,2.0,3.0,2.0,2.0,2.0,2.0,4.0,5.0,2.0,3.0,2.0,2.0,4.0,2.0,2.0,2.0,5.0,3.0,2.0,2.0,3.0,2.0,3.0,2.0,5.0,4.0,19.0,0.263,Carlos Baleba
116,Valentín,Barco,DEF,40,Brighton,0,0,0,0,494,0.0,0.0,0.0,0.00,0.00,0.00,486,427,0.0,False,Loaned to Sevilla,0.0,0.0,490,0.0,0.0,1100,1175,5,36,116,4.0,2.0,5.0,5.0,3.0,2.0,3.0,2.0,2.0,2.0,2.0,4.0,5.0,2.0,3.0,2.0,2.0,4.0,2.0,2.0,2.0,5.0,3.0,2.0,2.0,3.0,2.0,3.0,2.0,5.0,4.0,19.0,0.0,Valentín Barco
118,Amario,Cozier-Duberry,MID,45,Brighton,0,0,0,0,589,0.0,0.0,0.0,0.00,0.00,0.00,581,552,0.0,False,Loaned to Blackburn Rovers,0.0,0.0,585,0.0,0.0,1100,1175,5,36,118,4.0,2.0,5.0,5.0,3.0,2.0,3.0,2.0,2.0,2.0,2.0,4.0,5.0,2.0,3.0,2.0,2.0,4.0,2.0,2.0,2.0,5.0,3.0,2.0,2.0,3.0,2.0,3.0,2.0,5.0,4.0,19.0,0.0,Amario Cozier-Duberry
119,Mahmoud,Dahoud,MID,49,Brighton,0,0,0,0,620,0.0,0.0,0.0,0.00,0.00,0.00,614,594,0.0,False,Transferred to Eintracht Frankfurt,0.0,0.0,617,0.0,0.0,1100,1175,5,36,119,4.0,2.0,5.0,5.0,3.0,2.0,3.0,2.0,2.0,2.0,2.0,4.0,5.0,2.0,3.0,2.0,2.0,4.0,2.0,2.0,2.0,5.0,3.0,2.0,2.0,3.0,2.0,3.0,2.0,5.0,4.0,19.0,0.0,Mahmoud Dahoud
120,Lewis,Dunk,DEF,45,Brighton,16,0,0,2,170,0.0,3.6,19.1,0.16,0.29,0.45,111,499,0.0,False,,,2.3,155,0.02,0.04,1100,1175,5,36,120,4.0,2.0,5.0,5.0,3.0,2.0,3.0,2.0,2.0,2.0,2.0,4.0,5.0,2.0,3.0,2.0,2.0,4.0,2.0,2.0,2.0,5.0,3.0,2.0,2.0,3.0,2.0,3.0,2.0,5.0,4.0,19.0,0.0,Lewis Dunk
121,Julio,Enciso,MID,54,Brighton,5,0,0,0,385,0.1,0.9,7.9,0.16,0.15,0.31,332,292,0.7,False,,100.0,1.0,280,0.19,0.18,1100,1175,5,36,121,4.0,2.0,5.0,5.0,3.0,2.0,3.0,2.0,2.0,2.0,2.0,4.0,5.0,2.0,3.0,2.0,2.0,4.0,2.0,2.0,2.0,5.0,3.0,2.0,2.0,3.0,2.0,3.0,2.0,5.0,4.0,19.0,0.037,Julio Enciso
122,Pervis,Estupiñán,DEF,50,Brighton,2,0,0,0,425,0.1,0.4,16.2,0.06,0.35,0.41,258,338,0.3,False,,100.0,0.5,189,0.02,0.13,1100,1175,5,36,122,4.0,2.0,5.0,5.0,3.0,2.0,3.0,2.0,2.0,2.0,2.0,4.0,5.0,2.0,3.0,2.0,2.0,4.0,2.0,2.0,2.0,5.0,3.0,2.0,2.0,3.0,2.0,3.0,2.0,5.0,4.0,19.0,0.016,Pervis Estupiñán
123,Evan,Ferguson,FWD,55,Brighton,3,0,0,0,388,0.1,0.5,0.6,0.11,0.00,0.11,420,296,0.7,False,,100.0,1.0,407,0.45,0.0,1100,1175,5,36,123,4.0,2.0,5.0,5.0,3.0,2.0,3.0,2.0,2.0,2.0,2.0,4.0,5.0,2.0,3.0,2.0,2.0,4.0,2.0,2.0,2.0,5.0,3.0,2.0,2.0,3.0,2.0,3.0,2.0,5.0,4.0,19.0,0.037,Evan Ferguson
124,Billy,Gilmour,MID,50,Brighton,3,0,0,0,271,0.0,0.6,2.5,0.08,0.04,0.12,354,619,0.0,False,Transferred to Napoli,0.0,1.5,363,0.07,0.04,1100,1175,5,36,124,4.0,2.0,5.0,5.0,3.0,2.0,3.0,2.0,2.0,2.0,2.0,4.0,5.0,2.0,3.0,2.0,2.0,4.0,2.0,2.0,2.0,5.0,3.0,2.0,2.0,3.0,2.0,3.0,2.0,5.0,4.0,19.0,0.0,Billy Gilmour
125,Pascal,Groß,MID,65,Brighton,0,0,0,0,661,0.0,0.0,0.0,0.00,0.00,0.00,660,657,0.0,False,Permanent transfer to Borussia Dortmund,0.0,0.0,661,0.0,0.0,1100,1175,5,36,125,4.0,2.0,5.0,5.0,3.0,2.0,3.0,2.0,2.0,2.0,2.0,4.0,5.0,2.0,3.0,2.0,2.0,4.0,2.0,2.0,2.0,5.0,3.0,2.0,2.0,3.0,2.0,3.0,2.0,5.0,4.0,19.0,0.0,Pascal Groß
126,Jack,Hinshelwood,MID,50,Brighton,23,1,0,2,95,0.9,4.6,24.1,0.38,0.63,1.01,163,46,4.7,False,,,3.3,114,0.06,0.09,1100,1175,5,36,126,4.0,2.0,5.0,5.0,3.0,2.0,3.0,2.0,2.0,2.0,2.0,4.0,5.0,2.0,3.0,2.0,2.0,4.0,2.0,2.0,2.0,5.0,3.0,2.0,2.0,3.0,2.0,3.0,2.0,5.0,4.0,19.0,0.247,Jack Hinshelwood
127,Ibrahim,Osman,MID,50,Brighton,0,0,0,0,647,0.0,0.0,0.0,0.00,0.00,0.00,644,634,0.0,False,Loaned to Feyenoord,0.0,0.0,647,0.0,0.0,1100,1175,5,36,127,4.0,2.0,5.0,5.0,3.0,2.0,3.0,2.0,2.0,2.0,2.0,4.0,5.0,2.0,3.0,2.0,2.0,4.0,2.0,2.0,2.0,5.0,3.0,2.0,2.0,3.0,2.0,3.0,2.0,5.0,4.0,19.0,0.0,Ibrahim Osman
128,Igor Julio,dos Santos de Paulo,DEF,44,Brighton,1,0,0,0,420,0.1,0.2,1.7,0.00,0.02,0.02,345,314,0.3,False,,,0.5,384,0.0,0.02,1100,1175,5,36,128,4.0,2.0,5.0,5.0,3.0,2.0,3.0,2.0,2.0,2.0,2.0,4.0,5.0,2.0,3.0,2.0,2.0,4.0,2.0,2.0,2.0,5.0,3.0,2.0,2.0,3.0,2.0,3.0,2.0,5.0,4.0,19.0,0.016,Igor Julio dos Santos de Paulo
129,João Pedro,Junqueira de Jesus,FWD,55,Brighton,19,2,0,1,34,0.1,3.5,24.6,0.90,0.26,1.16,136,346,0.3,False,Ankle injury - Unknown return date,0.0,4.8,108,0.29,0.08,1100,1175,5,36,129,4.0,2.0,5.0,5.0,3.0,2.0,3.0,2.0,2.0,2.0,2.0,4.0,5.0,2.0,3.0,2.0,2.0,4.0,2.0,2.0,2.0,5.0,3.0,2.0,2.0,3.0,2.0,3.0,2.0,5.0,4.0,19.0,0.016,João Pedro Junqueira de Jesus
130,Kacper,Kozłowski,MID,45,Brighton,0,0,0,0,571,0.0,0.0,0.0,0.00,0.00,0.00,563,531,0.0,False,Permanent transfer to Gaziantep FK,0.0,0.0,567,0.0,0.0,1100,1175,5,36,130,4.0,2.0,5.0,5.0,3.0,2.0,3.0,2.0,2.0,2.0,2.0,4.0,5.0,2.0,3.0,2.0,2.0,4.0,2.0,2.0,2.0,5.0,3.0,2.0,2.0,3.0,2.0,3.0,2.0,5.0,4.0,19.0,0.0,Kacper Kozłowski
131,Tariq,Lamptey,DEF,45,Brighton,0,0,0,0,551,0.0,0.0,0.0,0.00,0.00,0.00,543,511,0.0,False,,100.0,0.0,547,0.0,0.0,1100,1175,5,36,131,4.0,2.0,5.0,5.0,3.0,2.0,3.0,2.0,2.0,2.0,2.0,4.0,5.0,2.0,3.0,2.0,2.0,4.0,2.0,2.0,2.0,5.0,3.0,2.0,2.0,3.0,2.0,3.0,2.0,5.0,4.0,19.0,0.0,Tariq Lamptey
132,Solly,March,MID,65,Brighton,0,0,0,0,662,0.0,0.0,0.0,0.00,0.00,0.00,661,658,0.0,False,Lack of match fitness - 75% chance of playing,75.0,0.0,662,0.0,0.0,1100,1175,5,36,132,4.0,2.0,5.0,5.0,3.0,2.0,3.0,2.0,2.0,2.0,2.0,4.0,5.0,2.0,3.0,2.0,2.0,4.0,2.0,2.0,2.0,5.0,3.0,2.0,2.0,3.0,2.0,3.0,2.0,5.0,4.0,19.0,0.0,Solly March
133,Adrian,Mazilu,MID,45,Brighton,0,0,0,0,598,0.0,0.0,0.0,0.00,0.00,0.00,590,562,0.0,False,Has joined Vitesse Arnhem on loan for the rest of the season,0.0,0.0,594,0.0,0.0,1100,1175,5,36,133,4.0,2.0,5.0,5.0,3.0,2.0,3.0,2.0,2.0,2.0,2.0,4.0,5.0,2.0,3.0,2.0,2.0,4.0,2.0,2.0,2.0,5.0,3.0,2.0,2.0,3.0,2.0,3.0,2.0,5.0,4.0,19.0,0.0,Adrian Mazilu
134,James,Milner,MID,50,Brighton,5,0,0,1,241,0.0,1.0,10.7,0.16,0.15,0.31,293,614,0.0,False,Hamstring injury - Unknown return date,0.0,1.7,250,0.09,0.08,1100,1175,5,36,134,4.0,2.0,5.0,5.0,3.0,2.0,3.0,2.0,2.0,2.0,2.0,4.0,5.0,2.0,3.0,2.0,2.0,4.0,2.0,2.0,2.0,5.0,3.0,2.0,2.0,3.0,2.0,3.0,2.0,5.0,4.0,19.0,0.0,James Milner
135,Yankuba,Minteh,MID,54,Brighton,21,1,2,1,122,0.6,3.9,32.6,0.83,1.20,2.03,153,105,3.0,False,,100.0,3.0,63,0.18,0.27,1100,1175,5,36,135,4.0,2.0,5.0,5.0,3.0,2.0,3.0,2.0,2.0,2.0,2.0,4.0,5.0,2.0,3.0,2.0,2.0,4.0,2.0,2.0,2.0,5.0,3.0,2.0,2.0,3.0,2.0,3.0,2.0,5.0,4.0,19.0,0.158,Yankuba Minteh
136,Mitoma,Kaoru,MID,66,Brighton,31,1,3,2,43,0.6,4.7,50.8,1.80,1.33,3.13,61,66,4.0,False,,,4.4,22,0.26,0.19,1100,1175,5,36,136,4.0,2.0,5.0,5.0,3.0,2.0,3.0,2.0,2.0,2.0,2.0,4.0,5.0,2.0,3.0,2.0,2.0,4.0,2.0,2.0,2.0,5.0,3.0,2.0,2.0,3.0,2.0,3.0,2.0,5.0,4.0,19.0,0.211,Mitoma Kaoru
137,Jakub,Moder,MID,44,Brighton,0,0,0,0,529,0.0,0.0,0.0,0.00,0.00,0.00,521,485,0.0,False,,,0.0,525,0.0,0.0,1100,1175,5,36,137,4.0,2.0,5.0,5.0,3.0,2.0,3.0,2.0,2.0,2.0,2.0,4.0,5.0,2.0,3.0,2.0,2.0,4.0,2.0,2.0,2.0,5.0,3.0,2.0,2.0,3.0,2.0,3.0,2.0,5.0,4.0,19.0,0.0,Jakub Moder
138,Mark,O’Mahony,FWD,45,Brighton,0,0,0,0,605,0.0,0.0,0.0,0.00,0.00,0.00,597,569,0.0,False,Season long to Portsmouth,0.0,0.0,601,0.0,0.0,1100,1175,5,36,138,4.0,2.0,5.0,5.0,3.0,2.0,3.0,2.0,2.0,2.0,2.0,4.0,5.0,2.0,3.0,2.0,2.0,4.0,2.0,2.0,2.0,5.0,3.0,2.0,2.0,3.0,2.0,3.0,2.0,5.0,4.0,19.0,0.0,Mark O’Mahony
139,Odeluga,Offiah,DEF,40,Brighton,0,0,0,0,469,0.0,0.0,0.0,0.00,0.00,0.00,462,401,0.0,False,Loaned to Blackpool,0.0,0.0,466,0.0,0.0,1100,1175,5,36,139,4.0,2.0,5.0,5.0,3.0,2.0,3.0,2.0,2.0,2.0,2.0,4.0,5.0,2.0,3.0,2.0,2.0,4.0,2.0,2.0,2.0,5.0,3.0,2.0,2.0,3.0,2.0,3.0,2.0,5.0,4.0,19.0,0.0,Odeluga Offiah
140,Cameron,Peupion,MID,45,Brighton,0,0,0,0,578,0.0,0.0,0.0,0.00,0.00,0.00,570,539,0.0,False,,,0.0,574,0.0,0.0,1100,1175,5,36,140,4.0,2.0,5.0,5.0,3.0,2.0,3.0,2.0,2.0,2.0,2.0,4.0,5.0,2.0,3.0,2.0,2.0,4.0,2.0,2.0,2.0,5.0,3.0,2.0,2.0,3.0,2.0,3.0,2.0,5.0,4.0,19.0,0.0,Cameron Peupion
141,Jeremy,Sarmiento Morante,MID,49,Brighton,1,0,0,0,369,0.0,0.2,0.1,0.00,0.00,0.00,418,605,0.0,False,Loaned to Burnley,0.0,1.0,424,0.0,0.0,1100,1175,5,36,141,4.0,2.0,5.0,5.0,3.0,2.0,3.0,2.0,2.0,2.0,2.0,4.0,5.0,2.0,3.0,2.0,2.0,4.0,2.0,2.0,2.0,5.0,3.0,2.0,2.0,3.0,2.0,3.0,2.0,5.0,4.0,19.0,0.0,Jeremy Sarmiento Morante
142,Jason,Steele,GK,44,Brighton,9,0,0,1,37,0.0,2.0,4.1,0.00,0.00,0.00,265,460,0.0,False,,,4.5,331,0.0,0.0,1100,1175,5,36,142,4.0,2.0,5.0,5.0,3.0,2.0,3.0,2.0,2.0,2.0,2.0,4.0,5.0,2.0,3.0,2.0,2.0,4.0,2.0,2.0,2.0,5.0,3.0,2.0,2.0,3.0,2.0,3.0,2.0,5.0,4.0,19.0,0.0,Jason Steele
143,Deniz,Undav,FWD,55,Brighton,0,0,0,0,657,0.0,0.0,0.0,0.00,0.00,0.00,656,651,0.0,False,Transferred to Stuttgart,0.0,0.0,657,0.0,0.0,1100,1175,5,36,143,4.0,2.0,5.0,5.0,3.0,2.0,3.0,2.0,2.0,2.0,2.0,4.0,5.0,2.0,3.0,2.0,2.0,4.0,2.0,2.0,2.0,5.0,3.0,2.0,2.0,3.0,2.0,3.0,2.0,5.0,4.0,19.0,0.0,Deniz Undav
144,Jan Paul,van Hecke,DEF,45,Brighton,19,0,1,2,61,0.3,4.2,14.7,0.05,0.13,0.18,120,197,1.3,False,,100.0,3.8,204,0.01,0.03,1100,1175,5,36,144,4.0,2.0,5.0,5.0,3.0,2.0,3.0,2.0,2.0,2.0,2.0,4.0,5.0,2.0,3.0,2.0,2.0,4.0,2.0,2.0,2.0,5.0,3.0,2.0,2.0,3.0,2.0,3.0,2.0,5.0,4.0,19.0,0.068,Jan Paul van Hecke
145,Joël,Veltman,DEF,45,Brighton,21,0,0,2,78,0.2,4.7,13.2,0.05,0.50,0.55,164,261,0.7,False,,100.0,3.5,224,0.01,0.09,1100,1175,5,36,145,4.0,2.0,5.0,5.0,3.0,2.0,3.0,2.0,2.0,2.0,2.0,4.0,5.0,2.0,3.0,2.0,2.0,4.0,2.0,2.0,2.0,5.0,3.0,2.0,2.0,3.0,2.0,3.0,2.0,5.0,4.0,19.0,0.037,Joël Veltman
146,Bart,Verbruggen,GK,45,Brighton,10,0,0,1,210,0.1,2.2,10.4,0.00,0.00,0.00,129,319,0.3,False,,100.0,2.0,251,0.0,0.0,1100,1175,5,36,146,4.0,2.0,5.0,5.0,3.0,2.0,3.0,2.0,2.0,2.0,2.0,4.0,5.0,2.0,3.0,2.0,2.0,4.0,2.0,2.0,2.0,5.0,3.0,2.0,2.0,3.0,2.0,3.0,2.0,5.0,4.0,19.0,0.016,Bart Verbruggen
147,Adam,Webster,DEF,44,Brighton,1,0,0,0,427,0.0,0.2,2.4,0.00,0.03,0.03,312,468,0.0,False,Hamstring injury - Unknown return date,0.0,0.3,364,0.0,0.03,1100,1175,5,36,147,4.0,2.0,5.0,5.0,3.0,2.0,3.0,2.0,2.0,2.0,2.0,4.0,5.0,2.0,3.0,2.0,2.0,4.0,2.0,2.0,2.0,5.0,3.0,2.0,2.0,3.0,2.0,3.0,2.0,5.0,4.0,19.0,0.0,Adam Webster
148,Danny,Welbeck,FWD,58,Brighton,41,4,1,2,13,0.9,7.1,54.8,3.50,0.29,3.79,25,31,5.3,False,,,5.9,15,0.53,0.04,1100,1175,5,36,148,4.0,2.0,5.0,5.0,3.0,2.0,3.0,2.0,2.0,2.0,2.0,4.0,5.0,2.0,3.0,2.0,2.0,4.0,2.0,2.0,2.0,5.0,3.0,2.0,2.0,3.0,2.0,3.0,2.0,5.0,4.0,19.0,0.279,Danny Welbeck
149,Mats,Wieffer,MID,49,Brighton,9,0,1,1,187,0.2,1.8,9.5,0.00,0.04,0.04,228,238,1.0,False,,100.0,2.2,259,0.0,0.02,1100,1175,5,36,149,4.0,2.0,5.0,5.0,3.0,2.0,3.0,2.0,2.0,2.0,2.0,4.0,5.0,2.0,3.0,2.0,2.0,4.0,2.0,2.0,2.0,5.0,3.0,2.0,2.0,3.0,2.0,3.0,2.0,5.0,4.0,19.0,0.053,Mats Wieffer
595,Brajan,Gruda,MID,54,Brighton,1,0,0,0,386,0.1,0.2,0.4,0.00,0.00,0.00,653,344,0.3,False,,100.0,1.0,413,0.0,0.0,1100,1175,5,36,595,4.0,2.0,5.0,5.0,3.0,2.0,3.0,2.0,2.0,2.0,2.0,4.0,5.0,2.0,3.0,2.0,2.0,4.0,2.0,2.0,2.0,5.0,3.0,2.0,2.0,3.0,2.0,3.0,2.0,5.0,4.0,19.0,0.016,Brajan Gruda
600,Yasin,Ayari,MID,50,Brighton,8,0,0,1,258,0.1,1.6,13.8,0.54,0.40,0.94,273,340,0.3,False,,,1.6,217,0.25,0.18,1100,1175,5,36,600,4.0,2.0,5.0,5.0,3.0,2.0,3.0,2.0,2.0,2.0,2.0,4.0,5.0,2.0,3.0,2.0,2.0,4.0,2.0,2.0,2.0,5.0,3.0,2.0,2.0,3.0,2.0,3.0,2.0,5.0,4.0,19.0,0.016,Yasin Ayari
601,Andrew,Moran,MID,50,Brighton,0,0,0,0,644,0.0,0.0,0.0,0.00,0.00,0.00,641,631,0.0,False,Loaned to Stoke City,0.0,0.0,644,0.0,0.0,1100,1175,5,36,601,4.0,2.0,5.0,5.0,3.0,2.0,3.0,2.0,2.0,2.0,2.0,4.0,5.0,2.0,3.0,2.0,2.0,4.0,2.0,2.0,2.0,5.0,3.0,2.0,2.0,3.0,2.0,3.0,2.0,5.0,4.0,19.0,0.0,Andrew Moran
615,Carl,Rushworth,GK,40,Brighton,0,0,0,0,476,0.0,0.0,0.0,0.00,0.00,0.00,469,408,0.0,False,Loaned to Hull City,0.0,0.0,473,0.0,0.0,1100,1175,5,36,615,4.0,2.0,5.0,5.0,3.0,2.0,3.0,2.0,2.0,2.0,2.0,4.0,5.0,2.0,3.0,2.0,2.0,4.0,2.0,2.0,2.0,5.0,3.0,2.0,2.0,3.0,2.0,3.0,2.0,5.0,4.0,19.0,0.0,Carl Rushworth
618,Georginio,Rutter,MID,55,Brighton,25,2,1,1,48,1.2,4.5,23.6,1.24,0.43,1.67,199,13,6.7,False,,100.0,4.2,115,0.37,0.13,1100,1175,5,36,618,4.0,2.0,5.0,5.0,3.0,2.0,3.0,2.0,2.0,2.0,2.0,4.0,5.0,2.0,3.0,2.0,2.0,4.0,2.0,2.0,2.0,5.0,3.0,2.0,2.0,3.0,2.0,3.0,2.0,5.0,4.0,19.0,0.353,Georginio Rutter
628,Ferdi,Kadioglu,DEF,45,Brighton,1,0,0,0,428,0.0,0.2,10.2,0.03,0.21,0.24,276,510,0.0,False,,100.0,0.3,255,0.02,0.14,1100,1175,5,36,628,4.0,2.0,5.0,5.0,3.0,2.0,3.0,2.0,2.0,2.0,2.0,4.0,5.0,2.0,3.0,2.0,2.0,4.0,2.0,2.0,2.0,5.0,3.0,2.0,2.0,3.0,2.0,3.0,2.0,5.0,4.0,19.0,0.0,Ferdi Kadioglu
629,Matt,O'Riley,MID,55,Brighton,0,0,0,0,656,0.0,0.0,0.0,0.00,0.00,0.00,655,650,0.0,False,Ankle injury - Unknown return date,0.0,0.0,656,0.0,0.0,1100,1175,5,36,629,4.0,2.0,5.0,5.0,3.0,2.0,3.0,2.0,2.0,2.0,2.0,4.0,5.0,2.0,3.0,2.0,2.0,4.0,2.0,2.0,2.0,5.0,3.0,2.0,2.0,3.0,2.0,3.0,2.0,5.0,4.0,19.0,0.0,Matt O'Riley
663,Imari,Samuels,DEF,40,Brighton,0,0,0,0,470,0.0,0.0,0.0,0.00,0.00,0.00,463,402,0.0,False,,,0.0,467,0.0,0.0,1100,1175,5,36,663,4.0,2.0,5.0,5.0,3.0,2.0,3.0,2.0,2.0,2.0,2.0,4.0,5.0,2.0,3.0,2.0,2.0,4.0,2.0,2.0,2.0,5.0,3.0,2.0,2.0,3.0,2.0,3.0,2.0,5.0,4.0,19.0,0.0,Imari Samuels
150,Andrey,Nascimento dos Santos,MID,45,Chelsea,0,0,0,0,595,0.0,0.0,0.0,0.00,0.00,0.00,587,559,0.0,False,Has joined Strasbourg on a season-long loan,0.0,0.0,591,0.0,0.0,1225,1230,6,8,150,5.0,3.0,3.0,5.0,2.0,3.0,2.0,4.0,2.0,2.0,2.0,2.0,2.0,2.0,2.0,5.0,2.0,3.0,4.0,2.0,2.0,5.0,4.0,3.0,2.0,3.0,2.0,5.0,4.0,3.0,2.0,18.0,0.0,Andrey Nascimento dos Santos
151,Ângelo Gabriel,Borges Damaceno,MID,45,Chelsea,0,0,0,0,588,0.0,0.0,0.0,0.00,0.00,0.00,580,551,0.0,False,Transferred to Al-Nassr,0.0,0.0,584,0.0,0.0,1225,1230,6,8,151,5.0,3.0,3.0,5.0,2.0,3.0,2.0,4.0,2.0,2.0,2.0,2.0,2.0,2.0,2.0,5.0,2.0,3.0,4.0,2.0,2.0,5.0,4.0,3.0,2.0,3.0,2.0,5.0,4.0,3.0,2.0,18.0,0.0,Ângelo Gabriel Borges Damaceno
153,Benoît,Badiashile,DEF,43,Chelsea,0,0,0,0,512,0.0,0.0,0.0,0.00,0.00,0.00,504,453,0.0,False,,,0.0,508,0.0,0.0,1225,1230,6,8,153,5.0,3.0,3.0,5.0,2.0,3.0,2.0,4.0,2.0,2.0,2.0,2.0,2.0,2.0,2.0,5.0,2.0,3.0,4.0,2.0,2.0,5.0,4.0,3.0,2.0,3.0,2.0,5.0,4.0,3.0,2.0,18.0,0.0,Benoît Badiashile
154,Lucas,Bergström,GK,40,Chelsea,0,0,0,0,477,0.0,0.0,0.0,0.00,0.00,0.00,470,409,0.0,False,,,0.0,474,0.0,0.0,1225,1230,6,8,154,5.0,3.0,3.0,5.0,2.0,3.0,2.0,4.0,2.0,2.0,2.0,2.0,2.0,2.0,2.0,5.0,2.0,3.0,4.0,2.0,2.0,5.0,4.0,3.0,2.0,3.0,2.0,5.0,4.0,3.0,2.0,18.0,0.0,Lucas Bergström
155,Marcus,Bettinelli,GK,40,Chelsea,0,0,0,0,442,0.0,0.0,0.0,0.00,0.00,0.00,433,371,0.0,False,,,0.0,437,0.0,0.0,1225,1230,6,8,155,5.0,3.0,3.0,5.0,2.0,3.0,2.0,4.0,2.0,2.0,2.0,2.0,2.0,2.0,2.0,5.0,2.0,3.0,4.0,2.0,2.0,5.0,4.0,3.0,2.0,3.0,2.0,5.0,4.0,3.0,2.0,18.0,0.0,Marcus Bettinelli
157,Moisés,Caicedo Corozo,MID,49,Chelsea,17,0,1,2,167,0.6,3.5,24.4,0.15,0.78,0.93,74,96,3.0,False,,,2.4,112,0.02,0.11,1225,1230,6,8,157,5.0,3.0,3.0,5.0,2.0,3.0,2.0,4.0,2.0,2.0,2.0,2.0,2.0,2.0,2.0,5.0,2.0,3.0,4.0,2.0,2.0,5.0,4.0,3.0,2.0,3.0,2.0,5.0,4.0,3.0,2.0,18.0,0.167,Moisés Caicedo Corozo
158,Cesare,Casadei,MID,45,Chelsea,0,0,0,0,586,0.0,0.0,0.0,0.00,0.00,0.00,578,548,0.0,False,,,0.0,582,0.0,0.0,1225,1230,6,8,158,5.0,3.0,3.0,5.0,2.0,3.0,2.0,4.0,2.0,2.0,2.0,2.0,2.0,2.0,2.0,5.0,2.0,3.0,4.0,2.0,2.0,5.0,4.0,3.0,2.0,3.0,2.0,5.0,4.0,3.0,2.0,18.0,0.0,Cesare Casadei
160,Ben,Chilwell,DEF,48,Chelsea,0,0,0,0,615,0.0,0.0,0.0,0.00,0.00,0.00,607,583,0.0,False,,,0.0,610,0.0,0.0,1225,1230,6,8,160,5.0,3.0,3.0,5.0,2.0,3.0,2.0,4.0,2.0,2.0,2.0,2.0,2.0,2.0,2.0,5.0,2.0,3.0,4.0,2.0,2.0,5.0,4.0,3.0,2.0,3.0,2.0,5.0,4.0,3.0,2.0,18.0,0.0,Ben Chilwell
161,Carney,Chukwuemeka,MID,49,Chelsea,0,0,0,0,628,0.0,0.0,0.0,0.00,0.00,0.00,623,607,0.0,False,Illness - 75% chance of playing,75.0,0.0,626,0.0,0.0,1225,1230,6,8,161,5.0,3.0,3.0,5.0,2.0,3.0,2.0,4.0,2.0,2.0,2.0,2.0,2.0,2.0,2.0,5.0,2.0,3.0,4.0,2.0,2.0,5.0,4.0,3.0,2.0,3.0,2.0,5.0,4.0,3.0,2.0,18.0,0.0,Carney Chukwuemeka
162,Levi,Colwill,DEF,46,Chelsea,18,0,0,2,148,0.7,3.9,21.1,0.18,0.49,0.67,63,95,3.0,False,,,2.6,146,0.03,0.07,1225,1230,6,8,162,5.0,3.0,3.0,5.0,2.0,3.0,2.0,4.0,2.0,2.0,2.0,2.0,2.0,2.0,2.0,5.0,2.0,3.0,4.0,2.0,2.0,5.0,4.0,3.0,2.0,3.0,2.0,5.0,4.0,3.0,2.0,18.0,0.167,Levi Colwill
163,Marc,Cucurella Saseta,DEF,50,Chelsea,15,0,0,2,199,0.4,3.0,14.6,0.00,0.64,0.64,143,153,2.0,False,Suspended until 27 Oct,0.0,2.1,207,0.0,0.1,1225,1230,6,8,163,5.0,3.0,3.0,5.0,2.0,3.0,2.0,4.0,2.0,2.0,2.0,2.0,2.0,2.0,2.0,5.0,2.0,3.0,4.0,2.0,2.0,5.0,4.0,3.0,2.0,3.0,2.0,5.0,4.0,3.0,2.0,18.0,0.111,Marc Cucurella Saseta
164,David Datro,Fofana,FWD,54,Chelsea,0,0,0,0,655,0.0,0.0,0.0,0.00,0.00,0.00,654,647,0.0,False,Transferred to AEK Athens,0.0,0.0,655,0.0,0.0,1225,1230,6,8,164,5.0,3.0,3.0,5.0,2.0,3.0,2.0,4.0,2.0,2.0,2.0,2.0,2.0,2.0,2.0,5.0,2.0,3.0,4.0,2.0,2.0,5.0,4.0,3.0,2.0,3.0,2.0,5.0,4.0,3.0,2.0,18.0,0.0,David Datro Fofana
165,Deivid Washington,de Souza Eugênio,FWD,50,Chelsea,0,0,0,0,648,0.0,0.0,0.0,0.00,0.00,0.00,645,635,0.0,False,,,0.0,648,0.0,0.0,1225,1230,6,8,165,5.0,3.0,3.0,5.0,2.0,3.0,2.0,4.0,2.0,2.0,2.0,2.0,2.0,2.0,2.0,5.0,2.0,3.0,4.0,2.0,2.0,5.0,4.0,3.0,2.0,3.0,2.0,5.0,4.0,3.0,2.0,18.0,0.0,Deivid Washington de Souza Eugênio
166,Kiernan,Dewsbury-Hall,MID,57,Chelsea,3,0,0,0,391,0.1,0.5,2.0,0.00,0.03,0.03,378,349,0.3,False,,,1.0,376,0.0,0.06,1225,1230,6,8,166,5.0,3.0,3.0,5.0,2.0,3.0,2.0,4.0,2.0,2.0,2.0,2.0,2.0,2.0,2.0,5.0,2.0,3.0,4.0,2.0,2.0,5.0,4.0,3.0,2.0,3.0,2.0,5.0,4.0,3.0,2.0,18.0,0.017,Kiernan Dewsbury-Hall
167,Axel,Disasi,DEF,44,Chelsea,7,0,0,1,77,0.1,1.6,1.5,0.00,0.00,0.00,348,313,0.3,False,,,3.5,393,0.0,0.0,1225,1230,6,8,167,5.0,3.0,3.0,5.0,2.0,3.0,2.0,4.0,2.0,2.0,2.0,2.0,2.0,2.0,2.0,5.0,2.0,3.0,4.0,2.0,2.0,5.0,4.0,3.0,2.0,3.0,2.0,5.0,4.0,3.0,2.0,18.0,0.017,Axel Disasi
168,Enzo,Fernández,MID,49,Chelsea,12,0,0,1,216,0.4,2.4,26.7,0.34,0.65,0.99,182,151,2.0,False,,,2.0,93,0.06,0.11,1225,1230,6,8,168,5.0,3.0,3.0,5.0,2.0,3.0,2.0,4.0,2.0,2.0,2.0,2.0,2.0,2.0,2.0,5.0,2.0,3.0,4.0,2.0,2.0,5.0,4.0,3.0,2.0,3.0,2.0,5.0,4.0,3.0,2.0,18.0,0.111,Enzo Fernández
169,Conor,Gallagher,MID,59,Chelsea,0,0,0,0,658,0.0,0.0,0.0,0.00,0.00,0.00,657,653,0.0,False,Transferred to Atletico Madrid,0.0,0.0,658,0.0,0.0,1225,1230,6,8,169,5.0,3.0,3.0,5.0,2.0,3.0,2.0,4.0,2.0,2.0,2.0,2.0,2.0,2.0,2.0,5.0,2.0,3.0,4.0,2.0,2.0,5.0,4.0,3.0,2.0,3.0,2.0,5.0,4.0,3.0,2.0,18.0,0.0,Conor Gallagher
170,Alfie,Gilchrist,DEF,40,Chelsea,0,0,0,0,486,0.0,0.0,0.0,0.00,0.00,0.00,478,418,0.0,False,Has joined Sheffield United on a season-long,0.0,0.0,482,0.0,0.0,1225,1230,6,8,170,5.0,3.0,3.0,5.0,2.0,3.0,2.0,4.0,2.0,2.0,2.0,2.0,2.0,2.0,2.0,5.0,2.0,3.0,4.0,2.0,2.0,5.0,4.0,3.0,2.0,3.0,2.0,5.0,4.0,3.0,2.0,18.0,0.0,Alfie Gilchrist
171,Malo,Gusto,DEF,49,Chelsea,6,0,0,0,302,0.2,1.2,13.4,0.12,0.22,0.34,197,239,1.0,False,,100.0,1.2,221,0.02,0.05,1225,1230,6,8,171,5.0,3.0,3.0,5.0,2.0,3.0,2.0,4.0,2.0,2.0,2.0,2.0,2.0,2.0,2.0,5.0,2.0,3.0,4.0,2.0,2.0,5.0,4.0,3.0,2.0,3.0,2.0,5.0,4.0,3.0,2.0,18.0,0.056,Malo Gusto
172,Reece,James,DEF,49,Chelsea,0,0,0,0,625,0.0,0.0,0.0,0.00,0.00,0.00,619,600,0.0,False,Hamstring injury - 50% chance of playing,50.0,0.0,622,0.0,0.0,1225,1230,6,8,172,5.0,3.0,3.0,5.0,2.0,3.0,2.0,4.0,2.0,2.0,2.0,2.0,2.0,2.0,2.0,5.0,2.0,3.0,4.0,2.0,2.0,5.0,4.0,3.0,2.0,3.0,2.0,5.0,4.0,3.0,2.0,18.0,0.0,Reece James
173,Omari,Kellyman,MID,44,Chelsea,0,0,0,0,538,0.0,0.0,0.0,0.00,0.00,0.00,530,494,0.0,False,Hamstring injury - Unknown return date,0.0,0.0,534,0.0,0.0,1225,1230,6,8,173,5.0,3.0,3.0,5.0,2.0,3.0,2.0,4.0,2.0,2.0,2.0,2.0,2.0,2.0,2.0,5.0,2.0,3.0,4.0,2.0,2.0,5.0,4.0,3.0,2.0,3.0,2.0,5.0,4.0,3.0,2.0,18.0,0.0,Omari Kellyman
174,Roméo,Lavia,MID,45,Chelsea,3,0,0,0,265,0.1,0.7,3.3,0.00,0.18,0.18,340,321,0.3,False,,100.0,1.5,343,0.0,0.21,1225,1230,6,8,174,5.0,3.0,3.0,5.0,2.0,3.0,2.0,4.0,2.0,2.0,2.0,2.0,2.0,2.0,2.0,5.0,2.0,3.0,4.0,2.0,2.0,5.0,4.0,3.0,2.0,3.0,2.0,5.0,4.0,3.0,2.0,18.0,0.017,Roméo Lavia
175,Romelu,Lukaku Bolingoli,FWD,63,Chelsea,0,0,0,0,660,0.0,0.0,0.0,0.00,0.00,0.00,659,655,0.0,False,Permanent transfer to Napoli,0.0,0.0,660,0.0,0.0,1225,1230,6,8,175,5.0,3.0,3.0,5.0,2.0,3.0,2.0,4.0,2.0,2.0,2.0,2.0,2.0,2.0,2.0,5.0,2.0,3.0,4.0,2.0,2.0,5.0,4.0,3.0,2.0,3.0,2.0,5.0,4.0,3.0,2.0,18.0,0.0,Romelu Lukaku Bolingoli
176,Malang,Sarr,DEF,45,Chelsea,0,0,0,0,548,0.0,0.0,0.0,0.00,0.00,0.00,540,506,0.0,False,Permanent move to RC Lens,0.0,0.0,544,0.0,0.0,1225,1230,6,8,176,5.0,3.0,3.0,5.0,2.0,3.0,2.0,4.0,2.0,2.0,2.0,2.0,2.0,2.0,2.0,5.0,2.0,3.0,4.0,2.0,2.0,5.0,4.0,3.0,2.0,3.0,2.0,5.0,4.0,3.0,2.0,18.0,0.0,Malang Sarr
177,Noni,Madueke,MID,65,Chelsea,43,4,1,2,8,0.9,6.6,52.1,1.96,0.38,2.34,33,26,6.0,False,,,7.2,19,0.37,0.07,1225,1230,6,8,177,5.0,3.0,3.0,5.0,2.0,3.0,2.0,4.0,2.0,2.0,2.0,2.0,2.0,2.0,2.0,5.0,2.0,3.0,4.0,2.0,2.0,5.0,4.0,3.0,2.0,3.0,2.0,5.0,4.0,3.0,2.0,18.0,0.333,Noni Madueke
178,Marc,Guiu Paz,FWD,49,Chelsea,1,0,0,0,370,0.0,0.2,0.0,0.00,0.00,0.00,626,611,0.0,False,,,1.0,629,0.0,0.0,1225,1230,6,8,178,5.0,3.0,3.0,5.0,2.0,3.0,2.0,4.0,2.0,2.0,2.0,2.0,2.0,2.0,2.0,5.0,2.0,3.0,4.0,2.0,2.0,5.0,4.0,3.0,2.0,3.0,2.0,5.0,4.0,3.0,2.0,18.0,0.0,Marc Guiu Paz
179,Mykhailo,Mudryk,MID,62,Chelsea,4,0,0,0,395,0.1,0.6,4.3,0.00,0.52,0.52,349,301,0.7,False,,,1.0,328,0.0,0.58,1225,1230,6,8,179,5.0,3.0,3.0,5.0,2.0,3.0,2.0,4.0,2.0,2.0,2.0,2.0,2.0,2.0,2.0,5.0,2.0,3.0,4.0,2.0,2.0,5.0,4.0,3.0,2.0,3.0,2.0,5.0,4.0,3.0,2.0,18.0,0.039,Mykhailo Mudryk
180,Nicolas,Jackson,FWD,79,Chelsea,42,4,3,2,11,1.0,5.3,59.9,4.92,0.23,5.15,15,8,7.7,True,,,6.0,10,0.85,0.04,1225,1230,6,8,180,5.0,3.0,3.0,5.0,2.0,3.0,2.0,4.0,2.0,2.0,2.0,2.0,2.0,2.0,2.0,5.0,2.0,3.0,4.0,2.0,2.0,5.0,4.0,3.0,2.0,3.0,2.0,5.0,4.0,3.0,2.0,18.0,0.428,Nicolas Jackson
181,Christopher,Nkunku,MID,60,Chelsea,13,1,0,0,223,0.2,2.2,20.2,1.80,0.16,1.96,205,252,1.0,False,,,1.9,150,1.3,0.12,1225,1230,6,8,181,5.0,3.0,3.0,5.0,2.0,3.0,2.0,4.0,2.0,2.0,2.0,2.0,2.0,2.0,2.0,5.0,2.0,3.0,4.0,2.0,2.0,5.0,4.0,3.0,2.0,3.0,2.0,5.0,4.0,3.0,2.0,18.0,0.056,Christopher Nkunku
182,Cole,Palmer,MID,108,Chelsea,67,6,5,2,1,1.2,6.2,86.9,4.07,1.79,5.86,2,1,13.0,True,,100.0,9.6,3,0.62,0.27,1225,1230,6,8,182,5.0,3.0,3.0,5.0,2.0,3.0,2.0,4.0,2.0,2.0,2.0,2.0,2.0,2.0,2.0,5.0,2.0,3.0,4.0,2.0,2.0,5.0,4.0,3.0,2.0,3.0,2.0,5.0,4.0,3.0,2.0,18.0,0.722,Cole Palmer
183,Đorđe,Petrović,GK,44,Chelsea,0,0,0,0,535,0.0,0.0,0.0,0.00,0.00,0.00,527,491,0.0,False,Loaned to Strasbourg,0.0,0.0,531,0.0,0.0,1225,1230,6,8,183,5.0,3.0,3.0,5.0,2.0,3.0,2.0,4.0,2.0,2.0,2.0,2.0,2.0,2.0,2.0,5.0,2.0,3.0,4.0,2.0,2.0,5.0,4.0,3.0,2.0,3.0,2.0,5.0,4.0,3.0,2.0,18.0,0.0,Đorđe Petrović
184,Renato,Palma Veiga,MID,45,Chelsea,5,0,0,1,299,0.1,1.1,5.1,0.04,0.01,0.05,289,322,0.3,False,,,1.2,315,0.03,0.01,1225,1230,6,8,184,5.0,3.0,3.0,5.0,2.0,3.0,2.0,4.0,2.0,2.0,2.0,2.0,2.0,2.0,2.0,5.0,2.0,3.0,4.0,2.0,2.0,5.0,4.0,3.0,2.0,3.0,2.0,5.0,4.0,3.0,2.0,18.0,0.017,Renato Palma Veiga
185,Robert,Sánchez,GK,47,Chelsea,36,0,0,2,25,1.1,7.7,24.5,0.00,0.00,0.00,8,30,5.3,False,,,5.1,111,0.0,0.0,1225,1230,6,8,185,5.0,3.0,3.0,5.0,2.0,3.0,2.0,4.0,2.0,2.0,2.0,2.0,2.0,2.0,2.0,5.0,2.0,3.0,4.0,2.0,2.0,5.0,4.0,3.0,2.0,3.0,2.0,5.0,4.0,3.0,2.0,18.0,0.294,Robert Sánchez
187,Tosin,Adarabioyo,DEF,44,Chelsea,8,0,0,1,136,0.5,1.8,4.8,0.00,0.00,0.00,280,129,2.3,False,,,2.7,321,0.0,0.0,1225,1230,6,8,187,5.0,3.0,3.0,5.0,2.0,3.0,2.0,4.0,2.0,2.0,2.0,2.0,2.0,2.0,2.0,5.0,2.0,3.0,4.0,2.0,2.0,5.0,4.0,3.0,2.0,3.0,2.0,5.0,4.0,3.0,2.0,18.0,0.128,Tosin Adarabioyo
189,Wesley,Fofana,DEF,45,Chelsea,11,0,0,1,252,0.1,2.4,17.6,0.04,0.10,0.14,118,318,0.3,False,Suspended until 27 Oct,0.0,1.6,178,0.01,0.02,1225,1230,6,8,189,5.0,3.0,3.0,5.0,2.0,3.0,2.0,4.0,2.0,2.0,2.0,2.0,2.0,2.0,2.0,5.0,2.0,3.0,4.0,2.0,2.0,5.0,4.0,3.0,2.0,3.0,2.0,5.0,4.0,3.0,2.0,18.0,0.017,Wesley Fofana
386,Jadon,Sancho,MID,64,Chelsea,18,0,4,0,38,0.8,2.8,21.9,0.08,0.83,0.91,178,42,5.0,False,,,4.5,132,0.03,0.29,1225,1230,6,8,386,5.0,3.0,3.0,5.0,2.0,3.0,2.0,4.0,2.0,2.0,2.0,2.0,2.0,2.0,2.0,5.0,2.0,3.0,4.0,2.0,2.0,5.0,4.0,3.0,2.0,3.0,2.0,5.0,4.0,3.0,2.0,18.0,0.278,Jadon Sancho
560,Pedro,Lomba Neto,MID,62,Chelsea,8,0,1,0,314,0.1,1.3,17.1,0.11,0.41,0.52,233,299,0.7,False,,,1.1,182,0.04,0.15,1225,1230,6,8,560,5.0,3.0,3.0,5.0,2.0,3.0,2.0,4.0,2.0,2.0,2.0,2.0,2.0,2.0,2.0,5.0,2.0,3.0,4.0,2.0,2.0,5.0,4.0,3.0,2.0,3.0,2.0,5.0,4.0,3.0,2.0,18.0,0.039,Pedro Lomba Neto
575,Caleb,Wiley,DEF,40,Chelsea,0,0,0,0,478,0.0,0.0,0.0,0.00,0.00,0.00,471,410,0.0,False,Loaned to Strasbourg,0.0,0.0,475,0.0,0.0,1225,1230,6,8,575,5.0,3.0,3.0,5.0,2.0,3.0,2.0,4.0,2.0,2.0,2.0,2.0,2.0,2.0,2.0,5.0,2.0,3.0,4.0,2.0,2.0,5.0,4.0,3.0,2.0,3.0,2.0,5.0,4.0,3.0,2.0,18.0,0.0,Caleb Wiley
581,Filip,Jørgensen,GK,43,Chelsea,0,0,0,0,515,0.0,0.0,0.0,0.00,0.00,0.00,507,456,0.0,False,,,0.0,511,0.0,0.0,1225,1230,6,8,581,5.0,3.0,3.0,5.0,2.0,3.0,2.0,4.0,2.0,2.0,2.0,2.0,2.0,2.0,2.0,5.0,2.0,3.0,4.0,2.0,2.0,5.0,4.0,3.0,2.0,3.0,2.0,5.0,4.0,3.0,2.0,18.0,0.0,Filip Jørgensen
621,João,Félix Sequeira,MID,62,Chelsea,9,1,0,0,233,0.1,1.5,12.1,0.47,0.11,0.58,244,300,0.7,False,,,1.8,237,0.36,0.08,1225,1230,6,8,621,5.0,3.0,3.0,5.0,2.0,3.0,2.0,4.0,2.0,2.0,2.0,2.0,2.0,2.0,2.0,5.0,2.0,3.0,4.0,2.0,2.0,5.0,4.0,3.0,2.0,3.0,2.0,5.0,4.0,3.0,2.0,18.0,0.039,João Félix Sequeira
11,Eddie,Nketiah,FWD,59,Crystal Palace,7,0,0,1,232,0.3,1.2,11.8,0.65,0.26,0.91,350,185,1.7,False,,,1.8,242,0.18,0.07,1095,1095,7,31,11,2.0,4.0,2.0,2.0,4.0,3.0,2.0,5.0,3.0,5.0,3.0,2.0,4.0,2.0,2.0,2.0,3.0,2.0,3.0,3.0,2.0,4.0,2.0,2.0,5.0,2.0,5.0,3.0,4.0,2.0,5.0,14.0,0.121,Eddie Nketiah
159,Trevoh,Chalobah,DEF,44,Crystal Palace,2,0,0,0,205,0.2,0.5,4.3,0.21,0.01,0.22,383,259,0.7,False,,100.0,2.0,326,0.22,0.01,1095,1095,7,31,159,2.0,4.0,2.0,2.0,4.0,3.0,2.0,5.0,3.0,5.0,3.0,2.0,4.0,2.0,2.0,2.0,3.0,2.0,3.0,3.0,2.0,4.0,2.0,2.0,5.0,2.0,5.0,3.0,4.0,2.0,5.0,14.0,0.05,Trevoh Chalobah
190,Naouirou,Ahamada,MID,45,Crystal Palace,0,0,0,0,568,0.0,0.0,0.0,0.00,0.00,0.00,560,528,0.0,False,Loaned to Rennes,0.0,0.0,564,0.0,0.0,1095,1095,7,31,190,2.0,4.0,2.0,2.0,4.0,3.0,2.0,5.0,3.0,5.0,3.0,2.0,4.0,2.0,2.0,2.0,3.0,2.0,3.0,3.0,2.0,4.0,2.0,2.0,5.0,2.0,5.0,3.0,4.0,2.0,5.0,14.0,0.0,Naouirou Ahamada
193,Cheick,Doucouré,MID,49,Crystal Palace,6,0,1,0,215,0.0,1.2,2.9,0.04,0.01,0.05,326,604,0.0,False,Toe Injury - 75% chance of playing,75.0,2.0,353,0.04,0.01,1095,1095,7,31,193,2.0,4.0,2.0,2.0,4.0,3.0,2.0,5.0,3.0,5.0,3.0,2.0,4.0,2.0,2.0,2.0,3.0,2.0,3.0,3.0,2.0,4.0,2.0,2.0,5.0,2.0,5.0,3.0,4.0,2.0,5.0,14.0,0.0,Cheick Doucouré
194,Chris,Richards,DEF,44,Crystal Palace,9,0,0,1,185,0.5,2.0,6.7,0.12,0.01,0.13,217,147,2.0,False,Hamstring injury - Unknown return date,0.0,2.2,292,0.03,0.0,1095,1095,7,31,194,2.0,4.0,2.0,2.0,4.0,3.0,2.0,5.0,3.0,5.0,3.0,2.0,4.0,2.0,2.0,2.0,3.0,2.0,3.0,3.0,2.0,4.0,2.0,2.0,5.0,2.0,5.0,3.0,4.0,2.0,5.0,14.0,0.143,Chris Richards
195,Chadi,Riad Dnanou,DEF,43,Crystal Palace,1,0,0,0,333,0.0,0.2,2.0,0.00,0.02,0.02,319,457,0.0,False,Knee injury - Expected back 23 Nov,0.0,1.0,372,0.0,0.02,1095,1095,7,31,195,2.0,4.0,2.0,2.0,4.0,3.0,2.0,5.0,3.0,5.0,3.0,2.0,4.0,2.0,2.0,2.0,3.0,2.0,3.0,3.0,2.0,4.0,2.0,2.0,5.0,2.0,5.0,3.0,4.0,2.0,5.0,14.0,0.0,Chadi Riad Dnanou
196,Nathaniel,Clyne,DEF,44,Crystal Palace,9,0,0,1,110,0.5,2.0,3.7,0.01,0.02,0.03,287,145,2.0,False,,,3.0,337,0.0,0.01,1095,1095,7,31,196,2.0,4.0,2.0,2.0,4.0,3.0,2.0,5.0,3.0,5.0,3.0,2.0,4.0,2.0,2.0,2.0,3.0,2.0,3.0,3.0,2.0,4.0,2.0,2.0,5.0,2.0,5.0,3.0,4.0,2.0,5.0,14.0,0.143,Nathaniel Clyne
197,Malcolm,Ebiowei,MID,45,Crystal Palace,0,0,0,0,559,0.0,0.0,0.0,0.00,0.00,0.00,551,519,0.0,False,Season long loan to Oxford United,0.0,0.0,555,0.0,0.0,1095,1095,7,31,197,2.0,4.0,2.0,2.0,4.0,3.0,2.0,5.0,3.0,5.0,3.0,2.0,4.0,2.0,2.0,2.0,3.0,2.0,3.0,3.0,2.0,4.0,2.0,2.0,5.0,2.0,5.0,3.0,4.0,2.0,5.0,14.0,0.0,Malcolm Ebiowei
199,Eberechi,Eze,MID,68,Crystal Palace,23,1,0,1,98,0.3,3.4,53.9,2.46,1.04,3.50,108,144,2.3,False,,,3.3,16,0.35,0.15,1095,1095,7,31,199,2.0,4.0,2.0,2.0,4.0,3.0,2.0,5.0,3.0,5.0,3.0,2.0,4.0,2.0,2.0,2.0,3.0,2.0,3.0,3.0,2.0,4.0,2.0,2.0,5.0,2.0,5.0,3.0,4.0,2.0,5.0,14.0,0.164,Eberechi Eze
200,Marc,Guéhi,DEF,44,Crystal Palace,21,1,0,1,113,1.3,4.8,30.0,0.18,0.21,0.39,11,27,5.7,False,,,3.0,73,0.03,0.03,1095,1095,7,31,200,2.0,4.0,2.0,2.0,4.0,3.0,2.0,5.0,3.0,5.0,3.0,2.0,4.0,2.0,2.0,2.0,3.0,2.0,3.0,3.0,2.0,4.0,2.0,2.0,5.0,2.0,5.0,3.0,4.0,2.0,5.0,14.0,0.407,Marc Guéhi
201,Dean,Henderson,GK,45,Crystal Palace,21,0,0,1,116,1.0,4.7,18.1,0.01,0.00,0.01,29,48,4.3,False,,,3.0,170,0.0,0.0,1095,1095,7,31,201,2.0,4.0,2.0,2.0,4.0,3.0,2.0,5.0,3.0,5.0,3.0,2.0,4.0,2.0,2.0,2.0,3.0,2.0,3.0,3.0,2.0,4.0,2.0,2.0,5.0,2.0,5.0,3.0,4.0,2.0,5.0,14.0,0.307,Dean Henderson
202,Rob,Holding,DEF,43,Crystal Palace,0,0,0,0,506,0.0,0.0,0.0,0.00,0.00,0.00,499,447,0.0,False,,,0.0,503,0.0,0.0,1095,1095,7,31,202,2.0,4.0,2.0,2.0,4.0,3.0,2.0,5.0,3.0,5.0,3.0,2.0,4.0,2.0,2.0,2.0,3.0,2.0,3.0,3.0,2.0,4.0,2.0,2.0,5.0,2.0,5.0,3.0,4.0,2.0,5.0,14.0,0.0,Rob Holding
203,Will,Hughes,MID,49,Crystal Palace,4,0,0,0,410,0.1,0.8,6.7,0.05,0.09,0.14,303,331,0.3,False,,100.0,0.7,294,0.02,0.03,1095,1095,7,31,203,2.0,4.0,2.0,2.0,4.0,3.0,2.0,5.0,3.0,5.0,3.0,2.0,4.0,2.0,2.0,2.0,3.0,2.0,3.0,3.0,2.0,4.0,2.0,2.0,5.0,2.0,5.0,3.0,4.0,2.0,5.0,14.0,0.021,Will Hughes
205,Daichi,Kamada,MID,52,Crystal Palace,11,0,0,1,259,0.4,2.1,17.8,0.21,0.22,0.43,221,155,2.0,False,,,1.6,176,0.05,0.05,1095,1095,7,31,205,2.0,4.0,2.0,2.0,4.0,3.0,2.0,5.0,3.0,5.0,3.0,2.0,4.0,2.0,2.0,2.0,3.0,2.0,3.0,3.0,2.0,4.0,2.0,2.0,5.0,2.0,5.0,3.0,4.0,2.0,5.0,14.0,0.143,Daichi Kamada
206,Jefferson,Lerma Solís,MID,48,Crystal Palace,7,0,0,1,277,0.3,1.5,8.8,0.09,0.38,0.47,288,200,1.3,False,,100.0,1.4,267,0.03,0.11,1095,1095,7,31,206,2.0,4.0,2.0,2.0,4.0,3.0,2.0,5.0,3.0,5.0,3.0,2.0,4.0,2.0,2.0,2.0,3.0,2.0,3.0,3.0,2.0,4.0,2.0,2.0,5.0,2.0,5.0,3.0,4.0,2.0,5.0,14.0,0.093,Jefferson Lerma Solís
207,Jean-Philippe,Mateta,FWD,74,Crystal Palace,22,2,0,0,109,0.2,3.0,24.8,1.70,0.33,2.03,179,222,1.3,False,,,3.1,106,0.33,0.06,1095,1095,7,31,207,2.0,4.0,2.0,2.0,4.0,3.0,2.0,5.0,3.0,5.0,3.0,2.0,4.0,2.0,2.0,2.0,3.0,2.0,3.0,3.0,2.0,4.0,2.0,2.0,5.0,2.0,5.0,3.0,4.0,2.0,5.0,14.0,0.093,Jean-Philippe Mateta
208,Matheus,França de Oliveira,MID,44,Crystal Palace,0,0,0,0,537,0.0,0.0,0.0,0.00,0.00,0.00,529,493,0.0,False,Groin Injury - Expected back 04 Jan,0.0,0.0,533,0.0,0.0,1095,1095,7,31,208,2.0,4.0,2.0,2.0,4.0,3.0,2.0,5.0,3.0,5.0,3.0,2.0,4.0,2.0,2.0,2.0,3.0,2.0,3.0,3.0,2.0,4.0,2.0,2.0,5.0,2.0,5.0,3.0,4.0,2.0,5.0,14.0,0.0,Matheus França de Oliveira
209,Remi,Matthews,GK,40,Crystal Palace,0,0,0,0,447,0.0,0.0,0.0,0.00,0.00,0.00,438,376,0.0,False,,,0.0,442,0.0,0.0,1095,1095,7,31,209,2.0,4.0,2.0,2.0,4.0,3.0,2.0,5.0,3.0,5.0,3.0,2.0,4.0,2.0,2.0,2.0,3.0,2.0,3.0,3.0,2.0,4.0,2.0,2.0,5.0,2.0,5.0,3.0,4.0,2.0,5.0,14.0,0.0,Remi Matthews
210,Tyrick,Mitchell,DEF,49,Crystal Palace,16,0,1,1,173,0.6,3.3,32.6,0.24,0.86,1.10,64,119,2.7,False,,,2.3,62,0.04,0.13,1095,1095,7,31,210,2.0,4.0,2.0,2.0,4.0,3.0,2.0,5.0,3.0,5.0,3.0,2.0,4.0,2.0,2.0,2.0,3.0,2.0,3.0,3.0,2.0,4.0,2.0,2.0,5.0,2.0,5.0,3.0,4.0,2.0,5.0,14.0,0.193,Tyrick Mitchell
211,Daniel,Muñoz,DEF,48,Crystal Palace,15,0,1,1,197,0.6,3.1,25.8,0.33,0.40,0.73,140,117,2.7,False,Groin Injury - 75% chance of playing,75.0,2.1,98,0.05,0.07,1095,1095,7,31,211,2.0,4.0,2.0,2.0,4.0,3.0,2.0,5.0,3.0,5.0,3.0,2.0,4.0,2.0,2.0,2.0,3.0,2.0,3.0,3.0,2.0,4.0,2.0,2.0,5.0,2.0,5.0,3.0,4.0,2.0,5.0,14.0,0.193,Daniel Muñoz
212,David,Ozoh,MID,45,Crystal Palace,0,0,0,0,593,0.0,0.0,0.0,0.00,0.00,0.00,585,557,0.0,False,Season long loan to Derby County,0.0,0.0,589,0.0,0.0,1095,1095,7,31,212,2.0,4.0,2.0,2.0,4.0,3.0,2.0,5.0,3.0,5.0,3.0,2.0,4.0,2.0,2.0,2.0,3.0,2.0,3.0,3.0,2.0,4.0,2.0,2.0,5.0,2.0,5.0,3.0,4.0,2.0,5.0,14.0,0.0,David Ozoh
213,Jesurun,Rak-Sakyi,MID,45,Crystal Palace,0,0,0,0,561,0.0,0.0,0.0,0.00,0.00,0.00,553,521,0.0,False,Loaned to Sheffield United,0.0,0.0,557,0.0,0.0,1095,1095,7,31,213,2.0,4.0,2.0,2.0,4.0,3.0,2.0,5.0,3.0,5.0,3.0,2.0,4.0,2.0,2.0,2.0,3.0,2.0,3.0,3.0,2.0,4.0,2.0,2.0,5.0,2.0,5.0,3.0,4.0,2.0,5.0,14.0,0.0,Jesurun Rak-Sakyi
214,Jeffrey,Schlupp,MID,48,Crystal Palace,5,0,0,0,350,0.1,1.0,3.1,0.05,0.06,0.11,379,273,0.7,False,,,1.0,347,0.15,0.18,1095,1095,7,31,214,2.0,4.0,2.0,2.0,4.0,3.0,2.0,5.0,3.0,5.0,3.0,2.0,4.0,2.0,2.0,2.0,3.0,2.0,3.0,3.0,2.0,4.0,2.0,2.0,5.0,2.0,5.0,3.0,4.0,2.0,5.0,14.0,0.05,Jeffrey Schlupp
215,Joel,Ward,DEF,44,Crystal Palace,0,0,0,0,518,0.0,0.0,0.0,0.00,0.00,0.00,510,461,0.0,False,,,0.0,514,0.0,0.0,1095,1095,7,31,215,2.0,4.0,2.0,2.0,4.0,3.0,2.0,5.0,3.0,5.0,3.0,2.0,4.0,2.0,2.0,2.0,3.0,2.0,3.0,3.0,2.0,4.0,2.0,2.0,5.0,2.0,5.0,3.0,4.0,2.0,5.0,14.0,0.0,Joel Ward
216,Adam,Wharton,MID,48,Crystal Palace,12,0,0,0,236,0.3,2.5,26.8,0.16,0.58,0.74,142,201,1.3,False,Groin Injury - 75% chance of playing,75.0,1.7,90,0.03,0.1,1095,1095,7,31,216,2.0,4.0,2.0,2.0,4.0,3.0,2.0,5.0,3.0,5.0,3.0,2.0,4.0,2.0,2.0,2.0,3.0,2.0,3.0,3.0,2.0,4.0,2.0,2.0,5.0,2.0,5.0,3.0,4.0,2.0,5.0,14.0,0.093,Adam Wharton
445,Matt,Turner,GK,40,Crystal Palace,0,0,0,0,459,0.0,0.0,0.0,0.00,0.00,0.00,452,391,0.0,False,Ineligible to face his parent club on 21/10. - Expected back 27 Oct,0.0,0.0,456,0.0,0.0,1095,1095,7,31,445,2.0,4.0,2.0,2.0,4.0,3.0,2.0,5.0,3.0,5.0,3.0,2.0,4.0,2.0,2.0,2.0,3.0,2.0,3.0,3.0,2.0,4.0,2.0,2.0,5.0,2.0,5.0,3.0,4.0,2.0,5.0,14.0,0.0,Matt Turner
585,Ismaïla,Sarr,MID,58,Crystal Palace,10,0,1,0,284,0.2,1.7,17.3,0.57,0.74,1.31,307,251,1.0,False,,,1.4,180,0.24,0.31,1095,1095,7,31,585,2.0,4.0,2.0,2.0,4.0,3.0,2.0,5.0,3.0,5.0,3.0,2.0,4.0,2.0,2.0,2.0,3.0,2.0,3.0,3.0,2.0,4.0,2.0,2.0,5.0,2.0,5.0,3.0,4.0,2.0,5.0,14.0,0.071,Ismaïla Sarr
644,Franco,Umeh-Chibueze,MID,45,Crystal Palace,0,0,0,0,604,0.0,0.0,0.0,0.00,0.00,0.00,596,568,0.0,False,,,0.0,600,0.0,0.0,1095,1095,7,31,644,2.0,4.0,2.0,2.0,4.0,3.0,2.0,5.0,3.0,5.0,3.0,2.0,4.0,2.0,2.0,2.0,3.0,2.0,3.0,3.0,2.0,4.0,2.0,2.0,5.0,2.0,5.0,3.0,4.0,2.0,5.0,14.0,0.0,Franco Umeh-Chibueze
645,Justin,Devenny,MID,45,Crystal Palace,0,0,0,0,572,0.0,0.0,0.0,0.00,0.00,0.00,564,532,0.0,False,,,0.0,568,0.0,0.0,1095,1095,7,31,645,2.0,4.0,2.0,2.0,4.0,3.0,2.0,5.0,3.0,5.0,3.0,2.0,4.0,2.0,2.0,2.0,3.0,2.0,3.0,3.0,2.0,4.0,2.0,2.0,5.0,2.0,5.0,3.0,4.0,2.0,5.0,14.0,0.0,Justin Devenny
646,Asher,Agbinone,MID,45,Crystal Palace,0,0,0,0,608,0.0,0.0,0.0,0.00,0.00,0.00,600,572,0.0,False,,,0.0,604,0.0,0.0,1095,1095,7,31,646,2.0,4.0,2.0,2.0,4.0,3.0,2.0,5.0,3.0,5.0,3.0,2.0,4.0,2.0,2.0,2.0,3.0,2.0,3.0,3.0,2.0,4.0,2.0,2.0,5.0,2.0,5.0,3.0,4.0,2.0,5.0,14.0,0.0,Asher Agbinone
647,Kaden,Rodney,MID,45,Crystal Palace,0,0,0,0,591,0.0,0.0,0.0,0.00,0.00,0.00,583,555,0.0,False,,,0.0,587,0.0,0.0,1095,1095,7,31,647,2.0,4.0,2.0,2.0,4.0,3.0,2.0,5.0,3.0,5.0,3.0,2.0,4.0,2.0,2.0,2.0,3.0,2.0,3.0,3.0,2.0,4.0,2.0,2.0,5.0,2.0,5.0,3.0,4.0,2.0,5.0,14.0,0.0,Kaden Rodney
650,Maxence,Lacroix,DEF,45,Crystal Palace,12,0,1,1,117,0.8,2.7,14.1,0.18,0.38,0.56,154,71,3.7,False,,,3.0,215,0.04,0.1,1095,1095,7,31,650,2.0,4.0,2.0,2.0,4.0,3.0,2.0,5.0,3.0,5.0,3.0,2.0,4.0,2.0,2.0,2.0,3.0,2.0,3.0,3.0,2.0,4.0,2.0,2.0,5.0,2.0,5.0,3.0,4.0,2.0,5.0,14.0,0.264,Maxence Lacroix
666,Caleb,Kporha,DEF,40,Crystal Palace,0,0,0,0,501,0.0,0.0,0.0,0.00,0.00,0.00,493,435,0.0,False,,,0.0,497,0.0,0.0,1095,1095,7,31,666,2.0,4.0,2.0,2.0,4.0,3.0,2.0,5.0,3.0,5.0,3.0,2.0,4.0,2.0,2.0,2.0,3.0,2.0,3.0,3.0,2.0,4.0,2.0,2.0,5.0,2.0,5.0,3.0,4.0,2.0,5.0,14.0,0.0,Caleb Kporha
156,Armando,Broja,FWD,54,Everton,0,0,0,0,653,0.0,0.0,0.0,0.00,0.00,0.00,651,645,0.0,False,Foot injury - Unknown return date,0.0,0.0,653,0.0,0.0,1080,1100,8,11,156,2.0,2.0,2.0,2.0,2.0,3.0,2.0,5.0,5.0,4.0,5.0,3.0,3.0,3.0,4.0,3.0,2.0,2.0,3.0,3.0,2.0,2.0,5.0,5.0,2.0,5.0,4.0,2.0,3.0,2.0,4.0,10.0,0.0,Armando Broja
217,Abdoulaye,Doucouré,MID,52,Everton,11,0,0,1,228,0.4,2.1,11.1,0.23,0.07,0.30,268,136,2.3,False,,,1.8,245,0.05,0.02,1080,1100,8,11,217,2.0,2.0,2.0,2.0,2.0,3.0,2.0,5.0,5.0,4.0,5.0,3.0,3.0,3.0,4.0,3.0,2.0,2.0,3.0,3.0,2.0,2.0,5.0,5.0,2.0,5.0,4.0,2.0,3.0,2.0,4.0,10.0,0.23,Abdoulaye Doucouré
218,Norberto Bercique,Gomes Betuncal,FWD,50,Everton,4,0,0,0,375,0.0,0.8,0.2,0.00,0.00,0.00,412,627,0.0,False,,,1.0,422,0.0,0.0,1080,1100,8,11,218,2.0,2.0,2.0,2.0,2.0,3.0,2.0,5.0,5.0,4.0,5.0,3.0,3.0,3.0,4.0,3.0,2.0,2.0,3.0,3.0,2.0,2.0,5.0,5.0,2.0,5.0,4.0,2.0,3.0,2.0,4.0,10.0,0.0,Norberto Bercique Gomes Betuncal
219,Jarrad,Branthwaite,DEF,48,Everton,2,0,0,0,213,0.1,0.4,2.0,0.00,0.00,0.00,318,279,0.7,False,Lack of match fitness - 50% chance of playing,50.0,2.0,373,0.0,0.0,1080,1100,8,11,219,2.0,2.0,2.0,2.0,2.0,3.0,2.0,5.0,5.0,4.0,5.0,3.0,3.0,3.0,4.0,3.0,2.0,2.0,3.0,3.0,2.0,2.0,5.0,5.0,2.0,5.0,4.0,2.0,3.0,2.0,4.0,10.0,0.07,Jarrad Branthwaite
220,Dominic,Calvert-Lewin,FWD,60,Everton,27,2,1,1,59,0.3,4.5,34.6,1.93,0.44,2.37,116,187,1.7,False,,100.0,3.9,56,0.29,0.07,1080,1100,8,11,220,2.0,2.0,2.0,2.0,2.0,3.0,2.0,5.0,5.0,4.0,5.0,3.0,3.0,3.0,4.0,3.0,2.0,2.0,3.0,3.0,2.0,2.0,5.0,5.0,2.0,5.0,4.0,2.0,3.0,2.0,4.0,10.0,0.17,Dominic Calvert-Lewin
221,Séamus,Coleman,DEF,43,Everton,1,0,0,0,328,0.0,0.2,3.9,0.62,0.01,0.63,330,440,0.0,False,,100.0,1.0,334,0.62,0.01,1080,1100,8,11,221,2.0,2.0,2.0,2.0,2.0,3.0,2.0,5.0,5.0,4.0,5.0,3.0,3.0,3.0,4.0,3.0,2.0,2.0,3.0,3.0,2.0,2.0,5.0,5.0,2.0,5.0,4.0,2.0,3.0,2.0,4.0,10.0,0.0,Séamus Coleman
222,Idrissa,Gueye,MID,49,Everton,10,0,0,0,237,0.1,2.0,9.0,0.63,0.11,0.74,241,280,0.7,False,,100.0,1.7,263,0.15,0.03,1080,1100,8,11,222,2.0,2.0,2.0,2.0,2.0,3.0,2.0,5.0,5.0,4.0,5.0,3.0,3.0,3.0,4.0,3.0,2.0,2.0,3.0,3.0,2.0,2.0,5.0,5.0,2.0,5.0,4.0,2.0,3.0,2.0,4.0,10.0,0.07,Idrissa Gueye
223,James,Garner,MID,50,Everton,7,0,0,1,227,0.3,1.4,7.9,0.05,0.05,0.10,222,179,1.7,False,Back injury - Unknown return date,0.0,1.8,279,0.02,0.02,1080,1100,8,11,223,2.0,2.0,2.0,2.0,2.0,3.0,2.0,5.0,5.0,4.0,5.0,3.0,3.0,3.0,4.0,3.0,2.0,2.0,3.0,3.0,2.0,2.0,5.0,5.0,2.0,5.0,4.0,2.0,3.0,2.0,4.0,10.0,0.17,James Garner
224,Jack,Harrison,MID,53,Everton,15,0,1,1,200,0.5,2.8,21.7,0.79,0.50,1.29,223,123,2.7,False,,100.0,2.1,134,0.16,0.1,1080,1100,8,11,224,2.0,2.0,2.0,2.0,2.0,3.0,2.0,5.0,5.0,4.0,5.0,3.0,3.0,3.0,4.0,3.0,2.0,2.0,3.0,3.0,2.0,2.0,5.0,5.0,2.0,5.0,4.0,2.0,3.0,2.0,4.0,10.0,0.27,Jack Harrison
225,Mason,Holgate,DEF,40,Everton,1,0,0,0,319,0.0,0.2,0.0,0.00,0.00,0.00,441,379,0.0,False,Loaned to West Bromwich Albion,0.0,1.0,445,0.0,0.0,1080,1100,8,11,225,2.0,2.0,2.0,2.0,2.0,3.0,2.0,5.0,5.0,4.0,5.0,3.0,3.0,3.0,4.0,3.0,2.0,2.0,3.0,3.0,2.0,2.0,5.0,5.0,2.0,5.0,4.0,2.0,3.0,2.0,4.0,10.0,0.0,Mason Holgate
226,Tim,Iroegbunam,MID,45,Everton,8,0,0,0,286,0.2,1.8,10.4,0.21,0.08,0.29,239,267,0.7,False,Foot injury - Unknown return date,0.0,1.3,252,0.05,0.02,1080,1100,8,11,226,2.0,2.0,2.0,2.0,2.0,3.0,2.0,5.0,5.0,4.0,5.0,3.0,3.0,3.0,4.0,3.0,2.0,2.0,3.0,3.0,2.0,2.0,5.0,5.0,2.0,5.0,4.0,2.0,3.0,2.0,4.0,10.0,0.07,Tim Iroegbunam
227,João,Neves Virgínia,GK,40,Everton,0,0,0,0,458,0.0,0.0,0.0,0.00,0.00,0.00,451,390,0.0,False,,,0.0,455,0.0,0.0,1080,1100,8,11,227,2.0,2.0,2.0,2.0,2.0,3.0,2.0,5.0,5.0,4.0,5.0,3.0,3.0,3.0,4.0,3.0,2.0,2.0,3.0,3.0,2.0,2.0,5.0,5.0,2.0,5.0,4.0,2.0,3.0,2.0,4.0,10.0,0.0,João Neves Virgínia
228,Michael,Keane,DEF,41,Everton,15,1,0,1,160,0.6,3.7,18.5,0.26,0.02,0.28,85,128,2.3,False,,100.0,2.5,165,0.04,0.0,1080,1100,8,11,228,2.0,2.0,2.0,2.0,2.0,3.0,2.0,5.0,5.0,4.0,5.0,3.0,3.0,3.0,4.0,3.0,2.0,2.0,3.0,3.0,2.0,2.0,5.0,5.0,2.0,5.0,4.0,2.0,3.0,2.0,4.0,10.0,0.23,Michael Keane
229,Neal,Maupay,FWD,49,Everton,0,0,0,0,619,0.0,0.0,0.0,0.00,0.00,0.00,613,592,0.0,False,Transferred to Marseille,0.0,0.0,616,0.0,0.0,1080,1100,8,11,229,2.0,2.0,2.0,2.0,2.0,3.0,2.0,5.0,5.0,4.0,5.0,3.0,3.0,3.0,4.0,3.0,2.0,2.0,3.0,3.0,2.0,2.0,5.0,5.0,2.0,5.0,4.0,2.0,3.0,2.0,4.0,10.0,0.0,Neal Maupay
230,Dwight,McNeil,MID,57,Everton,41,3,2,1,12,1.1,7.2,67.8,0.53,3.06,3.58,17,17,6.3,False,,,5.9,6,0.08,0.44,1080,1100,8,11,230,2.0,2.0,2.0,2.0,2.0,3.0,2.0,5.0,5.0,4.0,5.0,3.0,3.0,3.0,4.0,3.0,2.0,2.0,3.0,3.0,2.0,2.0,5.0,5.0,2.0,5.0,4.0,2.0,3.0,2.0,4.0,10.0,0.63,Dwight McNeil
231,Vitalii,Mykolenko,DEF,43,Everton,5,0,0,0,331,0.2,1.2,9.5,0.02,0.17,0.19,220,258,0.7,False,,100.0,1.0,258,0.0,0.04,1080,1100,8,11,231,2.0,2.0,2.0,2.0,2.0,3.0,2.0,5.0,5.0,4.0,5.0,3.0,3.0,3.0,4.0,3.0,2.0,2.0,3.0,3.0,2.0,2.0,5.0,5.0,2.0,5.0,4.0,2.0,3.0,2.0,4.0,10.0,0.07,Vitalii Mykolenko
232,Iliman,Ndiaye,FWD,54,Everton,18,1,0,2,156,0.8,3.3,29.4,0.51,0.24,0.75,105,54,4.3,False,,,2.6,76,0.1,0.04,1080,1100,8,11,232,2.0,2.0,2.0,2.0,2.0,3.0,2.0,5.0,5.0,4.0,5.0,3.0,3.0,3.0,4.0,3.0,2.0,2.0,3.0,3.0,2.0,2.0,5.0,5.0,2.0,5.0,4.0,2.0,3.0,2.0,4.0,10.0,0.43,Iliman Ndiaye
234,Nathan,Patterson,DEF,44,Everton,0,0,0,0,530,0.0,0.0,0.0,0.00,0.00,0.00,522,486,0.0,False,Lack of match fitness - 25% chance of playing,25.0,0.0,526,0.0,0.0,1080,1100,8,11,234,2.0,2.0,2.0,2.0,2.0,3.0,2.0,5.0,5.0,4.0,5.0,3.0,3.0,3.0,4.0,3.0,2.0,2.0,3.0,3.0,2.0,2.0,5.0,5.0,2.0,5.0,4.0,2.0,3.0,2.0,4.0,10.0,0.0,Nathan Patterson
235,Jordan,Pickford,GK,48,Everton,25,0,0,1,71,1.3,5.2,18.2,0.00,0.05,0.05,28,16,6.3,False,,,3.6,169,0.0,0.01,1080,1100,8,11,235,2.0,2.0,2.0,2.0,2.0,3.0,2.0,5.0,5.0,4.0,5.0,3.0,3.0,3.0,4.0,3.0,2.0,2.0,3.0,3.0,2.0,2.0,5.0,5.0,2.0,5.0,4.0,2.0,3.0,2.0,4.0,10.0,0.63,Jordan Pickford
236,James,Tarkowski,DEF,48,Everton,14,0,0,1,211,0.8,2.9,24.6,0.63,0.25,0.88,49,57,4.0,False,,100.0,2.0,107,0.09,0.04,1080,1100,8,11,236,2.0,2.0,2.0,2.0,2.0,3.0,2.0,5.0,5.0,4.0,5.0,3.0,3.0,3.0,4.0,3.0,2.0,2.0,3.0,3.0,2.0,2.0,5.0,5.0,2.0,5.0,4.0,2.0,3.0,2.0,4.0,10.0,0.4,James Tarkowski
237,Youssef,Ramalho Chermiti,FWD,49,Everton,0,0,0,0,629,0.0,0.0,0.0,0.00,0.00,0.00,624,609,0.0,False,Foot injury - Unknown return date,0.0,0.0,627,0.0,0.0,1080,1100,8,11,237,2.0,2.0,2.0,2.0,2.0,3.0,2.0,5.0,5.0,4.0,5.0,3.0,3.0,3.0,4.0,3.0,2.0,2.0,3.0,3.0,2.0,2.0,5.0,5.0,2.0,5.0,4.0,2.0,3.0,2.0,4.0,10.0,0.0,Youssef Ramalho Chermiti
238,Ashley,Young,DEF,45,Everton,15,0,2,1,114,1.3,3.3,17.2,0.00,0.36,0.36,134,28,5.7,False,,100.0,3.0,181,0.0,0.08,1080,1100,8,11,238,2.0,2.0,2.0,2.0,2.0,3.0,2.0,5.0,5.0,4.0,5.0,3.0,3.0,3.0,4.0,3.0,2.0,2.0,3.0,3.0,2.0,2.0,5.0,5.0,2.0,5.0,4.0,2.0,3.0,2.0,4.0,10.0,0.57,Ashley Young
577,Jesper,Lindstrøm,MID,52,Everton,6,0,0,1,274,0.2,1.2,12.9,0.51,0.47,0.98,285,214,1.3,False,,,1.5,229,0.31,0.29,1080,1100,8,11,577,2.0,2.0,2.0,2.0,2.0,3.0,2.0,5.0,5.0,4.0,5.0,3.0,3.0,3.0,4.0,3.0,2.0,2.0,3.0,3.0,2.0,2.0,5.0,5.0,2.0,5.0,4.0,2.0,3.0,2.0,4.0,10.0,0.13,Jesper Lindstrøm
582,Jake,O'Brien,DEF,47,Everton,0,0,0,0,614,0.0,0.0,0.4,0.00,0.00,0.00,392,580,0.0,False,,,0.0,410,0.0,0.0,1080,1100,8,11,582,2.0,2.0,2.0,2.0,2.0,3.0,2.0,5.0,5.0,4.0,5.0,3.0,3.0,3.0,4.0,3.0,2.0,2.0,3.0,3.0,2.0,2.0,5.0,5.0,2.0,5.0,4.0,2.0,3.0,2.0,4.0,10.0,0.0,Jake O'Brien
603,Harrison,Armstrong,MID,45,Everton,1,0,0,0,347,0.0,0.2,0.2,0.00,0.00,0.00,605,577,0.0,False,,,1.0,420,0.0,0.0,1080,1100,8,11,603,2.0,2.0,2.0,2.0,2.0,3.0,2.0,5.0,5.0,4.0,5.0,3.0,3.0,3.0,4.0,3.0,2.0,2.0,3.0,3.0,2.0,2.0,5.0,5.0,2.0,5.0,4.0,2.0,3.0,2.0,4.0,10.0,0.0,Harrison Armstrong
614,Jenson,Metcalfe,MID,45,Everton,0,0,0,0,577,0.0,0.0,0.0,0.00,0.00,0.00,569,538,0.0,False,Season long loan to Chesterfield,0.0,0.0,573,0.0,0.0,1080,1100,8,11,614,2.0,2.0,2.0,2.0,2.0,3.0,2.0,5.0,5.0,4.0,5.0,3.0,3.0,3.0,4.0,3.0,2.0,2.0,3.0,3.0,2.0,2.0,5.0,5.0,2.0,5.0,4.0,2.0,3.0,2.0,4.0,10.0,0.0,Jenson Metcalfe
624,Asmir,Begovic,GK,40,Everton,0,0,0,0,436,0.0,0.0,0.0,0.00,0.00,0.00,428,363,0.0,False,,,0.0,432,0.0,0.0,1080,1100,8,11,624,2.0,2.0,2.0,2.0,2.0,3.0,2.0,5.0,5.0,4.0,5.0,3.0,3.0,3.0,4.0,3.0,2.0,2.0,3.0,3.0,2.0,2.0,5.0,5.0,2.0,5.0,4.0,2.0,3.0,2.0,4.0,10.0,0.0,Asmir Begovic
627,Roman,Dixon,DEF,40,Everton,0,0,0,0,480,0.0,0.0,1.6,0.00,0.00,0.00,341,412,0.0,False,,,0.0,387,0.0,0.0,1080,1100,8,11,627,2.0,2.0,2.0,2.0,2.0,3.0,2.0,5.0,5.0,4.0,5.0,3.0,3.0,3.0,4.0,3.0,2.0,2.0,3.0,3.0,2.0,2.0,5.0,5.0,2.0,5.0,4.0,2.0,3.0,2.0,4.0,10.0,0.0,Roman Dixon
651,Orel,Mangala,MID,50,Everton,6,0,0,0,268,0.3,1.2,5.3,0.11,0.07,0.18,296,178,1.7,False,,,1.5,313,0.04,0.02,1080,1100,8,11,651,2.0,2.0,2.0,2.0,2.0,3.0,2.0,5.0,5.0,4.0,5.0,3.0,3.0,3.0,4.0,3.0,2.0,2.0,3.0,3.0,2.0,2.0,5.0,5.0,2.0,5.0,4.0,2.0,3.0,2.0,4.0,10.0,0.17,Orel Mangala
10,Reiss,Nelson,MID,50,Fulham,13,1,1,0,152,0.8,2.6,14.8,0.41,0.24,0.65,202,60,4.0,False,,,2.6,203,0.49,0.28,1100,1160,9,54,10,3.0,2.0,2.0,2.0,2.0,4.0,2.0,5.0,5.0,2.0,4.0,2.0,2.0,2.0,2.0,3.0,4.0,3.0,2.0,2.0,3.0,4.0,5.0,5.0,3.0,4.0,2.0,4.0,2.0,3.0,5.0,11.0,0.364,Reiss Nelson
19,Emile,Smith Rowe,MID,57,Fulham,34,2,1,3,32,0.7,6.0,32.1,1.48,0.78,2.26,93,64,4.0,False,,,4.9,65,0.28,0.15,1100,1160,9,54,19,3.0,2.0,2.0,2.0,2.0,4.0,2.0,5.0,5.0,2.0,4.0,2.0,2.0,2.0,2.0,3.0,4.0,3.0,2.0,2.0,3.0,4.0,5.0,5.0,3.0,4.0,2.0,4.0,2.0,3.0,5.0,11.0,0.364,Emile Smith Rowe
191,Joachim,Andersen,DEF,43,Fulham,13,0,0,1,144,0.9,3.0,17.7,0.17,0.07,0.24,94,68,3.7,False,Knock - 75% chance of playing,75.0,2.6,177,0.03,0.01,1100,1160,9,54,191,3.0,2.0,2.0,2.0,2.0,4.0,2.0,5.0,5.0,2.0,4.0,2.0,2.0,2.0,2.0,3.0,4.0,3.0,2.0,2.0,3.0,4.0,5.0,5.0,3.0,4.0,2.0,4.0,2.0,3.0,5.0,11.0,0.336,Joachim Andersen
239,Adama,Traoré,MID,51,Fulham,28,1,2,2,53,0.6,5.5,45.2,2.45,1.45,3.90,88,101,3.0,False,,,4.0,29,0.4,0.23,1100,1160,9,54,239,3.0,2.0,2.0,2.0,2.0,4.0,2.0,5.0,5.0,2.0,4.0,2.0,2.0,2.0,2.0,3.0,4.0,3.0,2.0,2.0,3.0,4.0,5.0,5.0,3.0,4.0,2.0,4.0,2.0,3.0,5.0,11.0,0.273,Adama Traoré
240,Andreas,Hoelgebaum Pereira,MID,53,Fulham,23,1,1,2,96,0.9,4.3,50.9,0.97,1.50,2.47,148,41,5.0,False,,,3.3,21,0.16,0.25,1100,1160,9,54,240,3.0,2.0,2.0,2.0,2.0,4.0,2.0,5.0,5.0,2.0,4.0,2.0,2.0,2.0,2.0,3.0,4.0,3.0,2.0,2.0,3.0,4.0,5.0,5.0,3.0,4.0,2.0,4.0,2.0,3.0,5.0,11.0,0.455,Andreas Hoelgebaum Pereira
241,Calvin,Bassey,DEF,45,Fulham,15,0,0,1,195,0.6,3.3,14.3,0.19,0.06,0.25,101,114,2.7,False,,,2.1,211,0.03,0.01,1100,1160,9,54,241,3.0,2.0,2.0,2.0,2.0,4.0,2.0,5.0,5.0,2.0,4.0,2.0,2.0,2.0,2.0,3.0,4.0,3.0,2.0,2.0,3.0,4.0,5.0,5.0,3.0,4.0,2.0,4.0,2.0,3.0,5.0,11.0,0.245,Calvin Bassey
242,Steven,Benda,GK,40,Fulham,0,0,0,0,464,0.0,0.0,0.0,0.00,0.00,0.00,457,396,0.0,False,,,0.0,461,0.0,0.0,1100,1160,9,54,242,3.0,2.0,2.0,2.0,2.0,4.0,2.0,5.0,5.0,2.0,4.0,2.0,2.0,2.0,2.0,3.0,4.0,3.0,2.0,2.0,3.0,4.0,5.0,5.0,3.0,4.0,2.0,4.0,2.0,3.0,5.0,11.0,0.0,Steven Benda
243,Tom,Cairney,MID,48,Fulham,3,0,0,0,414,0.1,0.6,5.9,0.00,0.20,0.20,317,324,0.3,False,,,0.6,304,0.0,0.2,1100,1160,9,54,243,3.0,2.0,2.0,2.0,2.0,4.0,2.0,5.0,5.0,2.0,4.0,2.0,2.0,2.0,2.0,3.0,4.0,3.0,2.0,2.0,3.0,4.0,5.0,5.0,3.0,4.0,2.0,4.0,2.0,3.0,5.0,11.0,0.027,Tom Cairney
244,Timothy,Castagne,DEF,42,Fulham,1,0,0,0,326,0.1,0.2,1.0,0.00,0.00,0.00,369,308,0.3,False,,,1.0,399,0.0,0.0,1100,1160,9,54,244,3.0,2.0,2.0,2.0,2.0,4.0,2.0,5.0,5.0,2.0,4.0,2.0,2.0,2.0,2.0,3.0,4.0,3.0,2.0,2.0,3.0,4.0,5.0,5.0,3.0,4.0,2.0,4.0,2.0,3.0,5.0,11.0,0.027,Timothy Castagne
245,Issa,Diop,DEF,45,Fulham,8,0,0,0,251,0.2,1.8,8.2,0.17,0.02,0.19,218,263,0.7,False,,,1.6,274,0.06,0.01,1100,1160,9,54,245,3.0,2.0,2.0,2.0,2.0,4.0,2.0,5.0,5.0,2.0,4.0,2.0,2.0,2.0,2.0,3.0,4.0,3.0,2.0,2.0,3.0,4.0,5.0,5.0,3.0,4.0,2.0,4.0,2.0,3.0,5.0,11.0,0.064,Issa Diop
246,Luke,Harris,MID,45,Fulham,0,0,0,0,587,0.0,0.0,0.0,0.00,0.00,0.00,579,550,0.0,False,Season long loan to Birmingham City,0.0,0.0,583,0.0,0.0,1100,1160,9,54,246,3.0,2.0,2.0,2.0,2.0,4.0,2.0,5.0,5.0,2.0,4.0,2.0,2.0,2.0,2.0,3.0,4.0,3.0,2.0,2.0,3.0,4.0,5.0,5.0,3.0,4.0,2.0,4.0,2.0,3.0,5.0,11.0,0.0,Luke Harris
247,Alex,Iwobi,MID,55,Fulham,27,1,1,2,58,0.7,4.9,47.8,0.75,1.54,2.29,71,63,4.0,False,,,3.9,25,0.11,0.24,1100,1160,9,54,247,3.0,2.0,2.0,2.0,2.0,4.0,2.0,5.0,5.0,2.0,4.0,2.0,2.0,2.0,2.0,3.0,4.0,3.0,2.0,2.0,3.0,4.0,5.0,5.0,3.0,4.0,2.0,4.0,2.0,3.0,5.0,11.0,0.364,Alex Iwobi
248,Bernd,Leno,GK,50,Fulham,20,0,0,1,124,0.6,4.0,16.4,0.00,0.00,0.00,42,97,3.0,False,,,2.9,188,0.0,0.0,1100,1160,9,54,248,3.0,2.0,2.0,2.0,2.0,4.0,2.0,5.0,5.0,2.0,4.0,2.0,2.0,2.0,2.0,3.0,4.0,3.0,2.0,2.0,3.0,4.0,5.0,5.0,3.0,4.0,2.0,4.0,2.0,3.0,5.0,11.0,0.273,Bernd Leno
249,Saša,Lukić,MID,49,Fulham,11,0,0,2,256,0.3,2.2,12.9,0.00,0.20,0.20,198,206,1.3,False,Shoulder injury - 50% chance of playing,50.0,1.6,228,0.0,0.03,1100,1160,9,54,249,3.0,2.0,2.0,2.0,2.0,4.0,2.0,5.0,5.0,2.0,4.0,2.0,2.0,2.0,2.0,3.0,4.0,3.0,2.0,2.0,3.0,4.0,5.0,5.0,3.0,4.0,2.0,4.0,2.0,3.0,5.0,11.0,0.118,Saša Lukić
250,Kevin,Mbabu,DEF,40,Fulham,0,0,0,0,441,0.0,0.0,0.0,0.00,0.00,0.00,432,370,0.0,False,Transferred to FC Midtjylland,0.0,0.0,436,0.0,0.0,1100,1160,9,54,250,3.0,2.0,2.0,2.0,2.0,4.0,2.0,5.0,5.0,2.0,4.0,2.0,2.0,2.0,2.0,3.0,4.0,3.0,2.0,2.0,3.0,4.0,5.0,5.0,3.0,4.0,2.0,4.0,2.0,3.0,5.0,11.0,0.0,Kevin Mbabu
251,Rodrigo,Muniz Carvalho,FWD,58,Fulham,18,1,1,1,158,0.6,3.1,28.3,1.41,0.03,1.44,189,75,3.7,False,,,2.6,81,0.44,0.01,1100,1160,9,54,251,3.0,2.0,2.0,2.0,2.0,4.0,2.0,5.0,5.0,2.0,4.0,2.0,2.0,2.0,2.0,3.0,4.0,3.0,2.0,2.0,3.0,4.0,5.0,5.0,3.0,4.0,2.0,4.0,2.0,3.0,5.0,11.0,0.336,Rodrigo Muniz Carvalho
252,Raúl,Jiménez,FWD,56,Fulham,32,3,1,2,36,1.2,5.7,41.3,2.15,0.87,3.02,73,14,6.7,False,,,4.6,34,0.58,0.23,1100,1160,9,54,252,3.0,2.0,2.0,2.0,2.0,4.0,2.0,5.0,5.0,2.0,4.0,2.0,2.0,2.0,2.0,3.0,4.0,3.0,2.0,2.0,3.0,4.0,5.0,5.0,3.0,4.0,2.0,4.0,2.0,3.0,5.0,11.0,0.609,Raúl Jiménez
253,Tim,Ream,DEF,45,Fulham,0,0,0,0,541,0.0,0.0,0.0,0.00,0.00,0.00,533,498,0.0,False,Permanent transfer to Charlotte FC,0.0,0.0,537,0.0,0.0,1100,1160,9,54,253,3.0,2.0,2.0,2.0,2.0,4.0,2.0,5.0,5.0,2.0,4.0,2.0,2.0,2.0,2.0,3.0,4.0,3.0,2.0,2.0,3.0,4.0,5.0,5.0,3.0,4.0,2.0,4.0,2.0,3.0,5.0,11.0,0.0,Tim Ream
254,Harrison,Reed,MID,48,Fulham,4,0,0,0,409,0.0,0.8,3.1,0.00,0.09,0.09,370,581,0.0,False,,,0.7,348,0.0,0.19,1100,1160,9,54,254,3.0,2.0,2.0,2.0,2.0,4.0,2.0,5.0,5.0,2.0,4.0,2.0,2.0,2.0,2.0,3.0,4.0,3.0,2.0,2.0,3.0,4.0,5.0,5.0,3.0,4.0,2.0,4.0,2.0,3.0,5.0,11.0,0.0,Harrison Reed
255,Antonee,Robinson,DEF,47,Fulham,25,0,2,1,70,0.7,5.3,31.5,0.11,0.62,0.73,30,82,3.3,False,,,3.6,68,0.02,0.09,1100,1160,9,54,255,3.0,2.0,2.0,2.0,2.0,4.0,2.0,5.0,5.0,2.0,4.0,2.0,2.0,2.0,2.0,3.0,4.0,3.0,2.0,2.0,3.0,4.0,5.0,5.0,3.0,4.0,2.0,4.0,2.0,3.0,5.0,11.0,0.3,Antonee Robinson
256,Jay,Stansfield,FWD,50,Fulham,1,0,0,0,376,0.0,0.2,0.0,0.00,0.00,0.00,639,629,0.0,False,Transferred to Birmingham City,0.0,1.0,642,0.0,0.0,1100,1160,9,54,256,3.0,2.0,2.0,2.0,2.0,4.0,2.0,5.0,5.0,2.0,4.0,2.0,2.0,2.0,2.0,3.0,4.0,3.0,2.0,2.0,3.0,4.0,5.0,5.0,3.0,4.0,2.0,4.0,2.0,3.0,5.0,11.0,0.0,Jay Stansfield
257,Kenny,Tete,DEF,45,Fulham,15,0,0,1,194,0.5,3.3,19.8,0.72,0.09,0.81,161,132,2.3,False,,,2.1,152,0.11,0.01,1100,1160,9,54,257,3.0,2.0,2.0,2.0,2.0,4.0,2.0,5.0,5.0,2.0,4.0,2.0,2.0,2.0,2.0,3.0,4.0,3.0,2.0,2.0,3.0,4.0,5.0,5.0,3.0,4.0,2.0,4.0,2.0,3.0,5.0,11.0,0.209,Kenny Tete
258,Carlos Vinícius,Alves Morais,FWD,50,Fulham,0,0,0,0,635,0.0,0.0,0.0,0.00,0.00,0.00,631,620,0.0,False,Calf injury - 50% chance of playing,50.0,0.0,634,0.0,0.0,1100,1160,9,54,258,3.0,2.0,2.0,2.0,2.0,4.0,2.0,5.0,5.0,2.0,4.0,2.0,2.0,2.0,2.0,3.0,4.0,3.0,2.0,2.0,3.0,4.0,5.0,5.0,3.0,4.0,2.0,4.0,2.0,3.0,5.0,11.0,0.0,Carlos Vinícius Alves Morais
259,Harry,Wilson,MID,53,Fulham,2,0,0,0,411,0.0,0.4,1.6,0.00,0.02,0.02,419,641,0.0,False,,,0.7,390,0.0,0.05,1100,1160,9,54,259,3.0,2.0,2.0,2.0,2.0,4.0,2.0,5.0,5.0,2.0,4.0,2.0,2.0,2.0,2.0,3.0,4.0,3.0,2.0,2.0,3.0,4.0,5.0,5.0,3.0,4.0,2.0,4.0,2.0,3.0,5.0,11.0,0.0,Harry Wilson
579,Ryan,Sessegnon,DEF,43,Fulham,0,0,0,0,507,0.0,0.0,0.0,0.00,0.00,0.00,500,448,0.0,False,,,0.0,504,0.0,0.0,1100,1160,9,54,579,3.0,2.0,2.0,2.0,2.0,4.0,2.0,5.0,5.0,2.0,4.0,2.0,2.0,2.0,2.0,3.0,4.0,3.0,2.0,2.0,3.0,4.0,5.0,5.0,3.0,4.0,2.0,4.0,2.0,3.0,5.0,11.0,0.0,Ryan Sessegnon
586,Jorge,Cuenca Barreno,DEF,44,Fulham,0,0,0,0,531,0.0,0.0,0.0,0.00,0.00,0.00,523,487,0.0,False,Ankle injury - Unknown return date,0.0,0.0,527,0.0,0.0,1100,1160,9,54,586,3.0,2.0,2.0,2.0,2.0,4.0,2.0,5.0,5.0,2.0,4.0,2.0,2.0,2.0,2.0,3.0,4.0,3.0,2.0,2.0,3.0,4.0,5.0,5.0,3.0,4.0,2.0,4.0,2.0,3.0,5.0,11.0,0.0,Jorge Cuenca Barreno
604,Josh,King,MID,45,Fulham,0,0,0,0,607,0.0,0.0,0.0,0.00,0.00,0.00,599,571,0.0,False,,,0.0,603,0.0,0.0,1100,1160,9,54,604,3.0,2.0,2.0,2.0,2.0,4.0,2.0,5.0,5.0,2.0,4.0,2.0,2.0,2.0,2.0,3.0,4.0,3.0,2.0,2.0,3.0,4.0,5.0,5.0,3.0,4.0,2.0,4.0,2.0,3.0,5.0,11.0,0.0,Josh King
605,Martial,Godo,MID,45,Fulham,0,0,0,0,603,0.0,0.0,0.0,0.00,0.00,0.00,595,567,0.0,False,,,0.0,599,0.0,0.0,1100,1160,9,54,605,3.0,2.0,2.0,2.0,2.0,4.0,2.0,5.0,5.0,2.0,4.0,2.0,2.0,2.0,2.0,3.0,4.0,3.0,2.0,2.0,3.0,4.0,5.0,5.0,3.0,4.0,2.0,4.0,2.0,3.0,5.0,11.0,0.0,Martial Godo
622,Sander,Berge,MID,50,Fulham,6,0,0,0,303,0.3,1.2,8.6,0.00,0.03,0.03,278,209,1.3,False,,,1.2,271,0.0,0.02,1100,1160,9,54,622,3.0,2.0,2.0,2.0,2.0,4.0,2.0,5.0,5.0,2.0,4.0,2.0,2.0,2.0,2.0,3.0,4.0,3.0,2.0,2.0,3.0,4.0,5.0,5.0,3.0,4.0,2.0,4.0,2.0,3.0,5.0,11.0,0.118,Sander Berge
260,Ali,Al-Hamadi,FWD,49,Ipswich,1,0,0,0,429,0.0,0.2,2.0,0.00,0.02,0.02,393,606,0.0,False,Knock - 75% chance of playing,75.0,0.3,375,0.0,0.06,1060,1090,10,40,260,2.0,3.0,2.0,4.0,3.0,2.0,2.0,2.0,2.0,3.0,5.0,4.0,3.0,2.0,5.0,5.0,2.0,4.0,4.0,3.0,2.0,3.0,3.0,2.0,4.0,5.0,4.0,2.0,2.0,2.0,2.0,14.0,0.0,Ali Al-Hamadi
261,Elkan,Baggott,DEF,40,Ipswich,0,0,0,0,491,0.0,0.0,0.0,0.00,0.00,0.00,483,424,0.0,False,Season long loan to Blackpool,0.0,0.0,487,0.0,0.0,1060,1090,10,40,261,2.0,3.0,2.0,4.0,3.0,2.0,2.0,2.0,2.0,3.0,5.0,4.0,3.0,2.0,5.0,5.0,2.0,4.0,4.0,3.0,2.0,3.0,3.0,2.0,4.0,5.0,4.0,2.0,2.0,2.0,2.0,14.0,0.0,Elkan Baggott
262,Nathan,Broadhead,MID,49,Ipswich,0,0,0,0,621,0.0,0.0,0.0,0.00,0.00,0.00,615,595,0.0,False,,100.0,0.0,618,0.0,0.0,1060,1090,10,40,262,2.0,3.0,2.0,4.0,3.0,2.0,2.0,2.0,2.0,3.0,5.0,4.0,3.0,2.0,5.0,5.0,2.0,4.0,4.0,3.0,2.0,3.0,3.0,2.0,4.0,5.0,4.0,2.0,2.0,2.0,2.0,14.0,0.0,Nathan Broadhead
263,Cameron,Burgess,DEF,39,Ipswich,0,0,0,0,430,0.0,0.0,0.0,0.00,0.00,0.00,422,356,0.0,False,,,0.0,426,0.0,0.0,1060,1090,10,40,263,2.0,3.0,2.0,4.0,3.0,2.0,2.0,2.0,2.0,3.0,5.0,4.0,3.0,2.0,5.0,5.0,2.0,4.0,4.0,3.0,2.0,3.0,3.0,2.0,4.0,5.0,4.0,2.0,2.0,2.0,2.0,14.0,0.0,Cameron Burgess
264,Wes,Burns,MID,49,Ipswich,6,0,0,0,301,0.3,1.2,8.0,0.17,0.47,0.64,320,172,1.7,False,,100.0,1.2,277,0.05,0.15,1060,1090,10,40,264,2.0,3.0,2.0,4.0,3.0,2.0,2.0,2.0,2.0,3.0,5.0,4.0,3.0,2.0,5.0,5.0,2.0,4.0,4.0,3.0,2.0,3.0,3.0,2.0,4.0,5.0,4.0,2.0,2.0,2.0,2.0,14.0,0.121,Wes Burns
265,Conor,Chaplin,MID,52,Ipswich,7,0,0,0,306,0.1,1.3,3.3,0.00,0.04,0.04,357,286,0.7,False,,,1.2,344,0.0,0.04,1060,1090,10,40,265,2.0,3.0,2.0,4.0,3.0,2.0,2.0,2.0,2.0,3.0,5.0,4.0,3.0,2.0,5.0,5.0,2.0,4.0,4.0,3.0,2.0,3.0,3.0,2.0,4.0,5.0,4.0,2.0,2.0,2.0,2.0,14.0,0.05,Conor Chaplin
266,Harry,Clarke,DEF,40,Ipswich,0,0,0,0,460,0.0,0.0,0.0,0.00,0.00,0.00,453,392,0.0,False,,100.0,0.0,457,0.0,0.0,1060,1090,10,40,266,2.0,3.0,2.0,4.0,3.0,2.0,2.0,2.0,2.0,3.0,5.0,4.0,3.0,2.0,5.0,5.0,2.0,4.0,4.0,3.0,2.0,3.0,3.0,2.0,4.0,5.0,4.0,2.0,2.0,2.0,2.0,14.0,0.0,Harry Clarke
267,Leif,Davis,DEF,45,Ipswich,18,0,1,1,147,0.3,4.0,39.2,0.30,1.36,1.66,97,196,1.3,False,,,2.6,40,0.04,0.19,1060,1090,10,40,267,2.0,3.0,2.0,4.0,3.0,2.0,2.0,2.0,2.0,3.0,5.0,4.0,3.0,2.0,5.0,5.0,2.0,4.0,4.0,3.0,2.0,3.0,3.0,2.0,4.0,5.0,4.0,2.0,2.0,2.0,2.0,14.0,0.093,Leif Davis
268,Liam,Delap,FWD,57,Ipswich,31,4,0,0,42,1.1,5.4,36.6,1.16,0.07,1.23,48,18,6.3,False,,,4.4,52,0.19,0.01,1060,1090,10,40,268,2.0,3.0,2.0,4.0,3.0,2.0,2.0,2.0,2.0,3.0,5.0,4.0,3.0,2.0,5.0,5.0,2.0,4.0,4.0,3.0,2.0,3.0,3.0,2.0,4.0,5.0,4.0,2.0,2.0,2.0,2.0,14.0,0.45,Liam Delap
269,George,Edmundson,DEF,40,Ipswich,1,0,0,0,320,0.0,0.2,0.0,0.00,0.00,0.00,449,387,0.0,False,Loaned to Middlesbrough,0.0,1.0,453,0.0,0.0,1060,1090,10,40,269,2.0,3.0,2.0,4.0,3.0,2.0,2.0,2.0,2.0,3.0,5.0,4.0,3.0,2.0,5.0,5.0,2.0,4.0,4.0,3.0,2.0,3.0,3.0,2.0,4.0,5.0,4.0,2.0,2.0,2.0,2.0,14.0,0.0,George Edmundson
270,Jacob,Greaves,DEF,41,Ipswich,11,0,0,1,247,0.2,2.7,21.5,0.42,0.01,0.43,50,257,0.7,False,,,1.6,135,0.06,0.0,1060,1090,10,40,270,2.0,3.0,2.0,4.0,3.0,2.0,2.0,2.0,2.0,3.0,5.0,4.0,3.0,2.0,5.0,5.0,2.0,4.0,4.0,3.0,2.0,3.0,3.0,2.0,4.0,5.0,4.0,2.0,2.0,2.0,2.0,14.0,0.05,Jacob Greaves
271,Marcus,Myers-Harness,MID,49,Ipswich,2,0,0,0,365,0.0,0.4,1.7,0.00,0.05,0.05,365,593,0.0,False,Loaned to Derby County,0.0,1.0,385,0.0,0.1,1060,1090,10,40,271,2.0,3.0,2.0,4.0,3.0,2.0,2.0,2.0,2.0,3.0,5.0,4.0,3.0,2.0,5.0,5.0,2.0,4.0,4.0,3.0,2.0,3.0,3.0,2.0,4.0,5.0,4.0,2.0,2.0,2.0,2.0,14.0,0.0,Marcus Myers-Harness
272,George,Hirst,FWD,54,Ipswich,4,0,0,0,384,0.2,0.7,5.8,0.50,0.01,0.51,390,248,1.0,False,,100.0,1.0,305,0.8,0.02,1060,1090,10,40,272,2.0,3.0,2.0,4.0,3.0,2.0,2.0,2.0,2.0,3.0,5.0,4.0,3.0,2.0,5.0,5.0,2.0,4.0,4.0,3.0,2.0,3.0,3.0,2.0,4.0,5.0,4.0,2.0,2.0,2.0,2.0,14.0,0.071,George Hirst
273,Cameron,Humphreys,MID,45,Ipswich,0,0,0,0,590,0.0,0.0,0.0,0.00,0.00,0.00,582,554,0.0,False,Loaned to Wycombe,0.0,0.0,586,0.0,0.0,1060,1090,10,40,273,2.0,3.0,2.0,4.0,3.0,2.0,2.0,2.0,2.0,3.0,5.0,4.0,3.0,2.0,5.0,5.0,2.0,4.0,4.0,3.0,2.0,3.0,3.0,2.0,4.0,5.0,4.0,2.0,2.0,2.0,2.0,14.0,0.0,Cameron Humphreys
274,Omari,Giraud-Hutchinson,MID,53,Ipswich,16,0,1,1,175,0.6,3.0,21.5,0.41,0.29,0.70,191,104,3.0,False,,100.0,2.3,136,0.06,0.04,1060,1090,10,40,274,2.0,3.0,2.0,4.0,3.0,2.0,2.0,2.0,2.0,3.0,5.0,4.0,3.0,2.0,5.0,5.0,2.0,4.0,4.0,3.0,2.0,3.0,3.0,2.0,4.0,5.0,4.0,2.0,2.0,2.0,2.0,14.0,0.214,Omari Giraud-Hutchinson
275,Ben,Johnson,DEF,40,Ipswich,4,0,1,0,321,0.1,1.0,8.0,0.00,0.22,0.22,211,305,0.3,False,,,1.0,276,0.0,0.09,1060,1090,10,40,275,2.0,3.0,2.0,4.0,3.0,2.0,2.0,2.0,2.0,3.0,5.0,4.0,3.0,2.0,5.0,5.0,2.0,4.0,4.0,3.0,2.0,3.0,3.0,2.0,4.0,5.0,4.0,2.0,2.0,2.0,2.0,14.0,0.021,Ben Johnson
276,Freddie,Ladapo,FWD,45,Ipswich,0,0,0,0,542,0.0,0.0,0.0,0.00,0.00,0.00,534,500,0.0,False,Mutual termination of contract,0.0,0.0,538,0.0,0.0,1060,1090,10,40,276,2.0,3.0,2.0,4.0,3.0,2.0,2.0,2.0,2.0,3.0,5.0,4.0,3.0,2.0,5.0,5.0,2.0,4.0,4.0,3.0,2.0,3.0,3.0,2.0,4.0,5.0,4.0,2.0,2.0,2.0,2.0,14.0,0.0,Freddie Ladapo
277,Massimo,Luongo,MID,45,Ipswich,6,0,0,0,262,0.1,1.3,3.0,0.00,0.00,0.00,302,315,0.3,False,Ankle injury - 75% chance of playing,75.0,1.5,350,0.0,0.0,1060,1090,10,40,277,2.0,3.0,2.0,4.0,3.0,2.0,2.0,2.0,2.0,3.0,5.0,4.0,3.0,2.0,5.0,5.0,2.0,4.0,4.0,3.0,2.0,3.0,3.0,2.0,4.0,5.0,4.0,2.0,2.0,2.0,2.0,14.0,0.021,Massimo Luongo
278,Sam,Morsy,MID,49,Ipswich,18,1,0,1,151,0.8,3.7,21.3,0.22,0.52,0.74,96,58,4.0,False,,,2.6,143,0.03,0.08,1060,1090,10,40,278,2.0,3.0,2.0,4.0,3.0,2.0,2.0,2.0,2.0,3.0,5.0,4.0,3.0,2.0,5.0,5.0,2.0,4.0,4.0,3.0,2.0,3.0,3.0,2.0,4.0,5.0,4.0,2.0,2.0,2.0,2.0,14.0,0.286,Sam Morsy
279,Corrie,Ndaba,DEF,40,Ipswich,0,0,0,0,462,0.0,0.0,0.0,0.00,0.00,0.00,455,394,0.0,False,Permanent transfer to Kilmarnock,0.0,0.0,459,0.0,0.0,1060,1090,10,40,279,2.0,3.0,2.0,4.0,3.0,2.0,2.0,2.0,2.0,3.0,5.0,4.0,3.0,2.0,5.0,5.0,2.0,4.0,4.0,3.0,2.0,3.0,3.0,2.0,4.0,5.0,4.0,2.0,2.0,2.0,2.0,14.0,0.0,Corrie Ndaba
280,Cieran,Slicker,GK,40,Ipswich,0,0,0,0,465,0.0,0.0,0.0,0.00,0.00,0.00,458,397,0.0,False,,,0.0,462,0.0,0.0,1060,1090,10,40,280,2.0,3.0,2.0,4.0,3.0,2.0,2.0,2.0,2.0,3.0,5.0,4.0,3.0,2.0,5.0,5.0,2.0,4.0,4.0,3.0,2.0,3.0,3.0,2.0,4.0,5.0,4.0,2.0,2.0,2.0,2.0,14.0,0.0,Cieran Slicker
281,Jack,Taylor,MID,48,Ipswich,4,0,0,0,405,0.1,0.8,3.2,0.09,0.04,0.13,336,276,0.7,False,,,0.8,346,0.07,0.03,1060,1090,10,40,281,2.0,3.0,2.0,4.0,3.0,2.0,2.0,2.0,2.0,3.0,5.0,4.0,3.0,2.0,5.0,5.0,2.0,4.0,4.0,3.0,2.0,3.0,3.0,2.0,4.0,5.0,4.0,2.0,2.0,2.0,2.0,14.0,0.05,Jack Taylor
282,Axel,Tuanzebe,DEF,40,Ipswich,11,0,0,1,224,0.2,2.8,16.4,0.18,0.04,0.22,131,255,0.7,False,Hand injury - Unknown return date,0.0,1.8,187,0.03,0.01,1060,1090,10,40,282,2.0,3.0,2.0,4.0,3.0,2.0,2.0,2.0,2.0,3.0,5.0,4.0,3.0,2.0,5.0,5.0,2.0,4.0,4.0,3.0,2.0,3.0,3.0,2.0,4.0,5.0,4.0,2.0,2.0,2.0,2.0,14.0,0.05,Axel Tuanzebe
283,Christian,Walton,GK,44,Ipswich,2,0,0,0,204,0.0,0.5,2.8,0.00,0.00,0.00,294,467,0.0,False,,,2.0,355,0.0,0.0,1060,1090,10,40,283,2.0,3.0,2.0,4.0,3.0,2.0,2.0,2.0,2.0,3.0,5.0,4.0,3.0,2.0,5.0,5.0,2.0,4.0,4.0,3.0,2.0,3.0,3.0,2.0,4.0,5.0,4.0,2.0,2.0,2.0,2.0,14.0,0.0,Christian Walton
284,Luke,Woolfenden,DEF,40,Ipswich,2,0,0,0,407,0.0,0.5,6.6,0.03,0.00,0.03,214,389,0.0,False,,,0.7,295,0.01,0.0,1060,1090,10,40,284,2.0,3.0,2.0,4.0,3.0,2.0,2.0,2.0,2.0,3.0,5.0,4.0,3.0,2.0,5.0,5.0,2.0,4.0,4.0,3.0,2.0,3.0,3.0,2.0,4.0,5.0,4.0,2.0,2.0,2.0,2.0,14.0,0.0,Luke Woolfenden
359,Kalvin,Phillips,MID,49,Ipswich,8,0,0,1,214,0.3,1.6,7.3,0.05,0.08,0.13,262,202,1.3,False,,100.0,2.0,288,0.02,0.02,1060,1090,10,40,359,2.0,3.0,2.0,4.0,3.0,2.0,2.0,2.0,2.0,3.0,5.0,4.0,3.0,2.0,5.0,5.0,2.0,4.0,4.0,3.0,2.0,3.0,3.0,2.0,4.0,5.0,4.0,2.0,2.0,2.0,2.0,14.0,0.093,Kalvin Phillips
568,Arijanet,Muric,GK,44,Ipswich,19,0,0,1,100,0.4,4.3,15.3,0.00,0.00,0.00,51,166,1.7,False,,100.0,3.2,198,0.0,0.0,1060,1090,10,40,568,2.0,3.0,2.0,4.0,3.0,2.0,2.0,2.0,2.0,3.0,5.0,4.0,3.0,2.0,5.0,5.0,2.0,4.0,4.0,3.0,2.0,3.0,3.0,2.0,4.0,5.0,4.0,2.0,2.0,2.0,2.0,14.0,0.121,Arijanet Muric
583,Conor,Townsend,DEF,40,Ipswich,0,0,0,0,440,0.0,0.0,0.0,0.00,0.00,0.00,431,369,0.0,False,,,0.0,435,0.0,0.0,1060,1090,10,40,583,2.0,3.0,2.0,4.0,3.0,2.0,2.0,2.0,2.0,3.0,5.0,4.0,3.0,2.0,5.0,5.0,2.0,4.0,4.0,3.0,2.0,3.0,3.0,2.0,4.0,5.0,4.0,2.0,2.0,2.0,2.0,14.0,0.0,Conor Townsend
611,Sam,Szmodics,MID,59,Ipswich,14,1,0,0,219,0.2,2.4,10.3,1.08,0.05,1.13,263,219,1.3,False,,,2.0,254,0.32,0.01,1060,1090,10,40,611,2.0,3.0,2.0,4.0,3.0,2.0,2.0,2.0,2.0,3.0,5.0,4.0,3.0,2.0,5.0,5.0,2.0,4.0,4.0,3.0,2.0,3.0,3.0,2.0,4.0,5.0,4.0,2.0,2.0,2.0,2.0,14.0,0.093,Sam Szmodics
619,Jens,Cajuste,MID,45,Ipswich,3,0,0,0,264,0.2,0.7,3.4,0.02,0.02,0.04,371,265,0.7,False,Knee injury - 50% chance of playing,50.0,1.5,341,0.02,0.02,1060,1090,10,40,619,2.0,3.0,2.0,4.0,3.0,2.0,2.0,2.0,2.0,3.0,5.0,4.0,3.0,2.0,5.0,5.0,2.0,4.0,4.0,3.0,2.0,3.0,3.0,2.0,4.0,5.0,4.0,2.0,2.0,2.0,2.0,14.0,0.05,Jens Cajuste
630,Dara,O'Shea,DEF,40,Ipswich,9,0,0,1,182,0.2,2.2,15.2,0.21,0.01,0.22,122,256,0.7,False,,,2.2,199,0.05,0.0,1060,1090,10,40,630,2.0,3.0,2.0,4.0,3.0,2.0,2.0,2.0,2.0,3.0,5.0,4.0,3.0,2.0,5.0,5.0,2.0,4.0,4.0,3.0,2.0,3.0,3.0,2.0,4.0,5.0,4.0,2.0,2.0,2.0,2.0,14.0,0.05,Dara O'Shea
631,Jack,Clarke,MID,55,Ipswich,9,0,1,0,231,0.4,1.6,13.7,0.25,0.35,0.60,255,139,2.3,False,,,1.8,218,0.1,0.14,1060,1090,10,40,631,2.0,3.0,2.0,4.0,3.0,2.0,2.0,2.0,2.0,3.0,5.0,4.0,3.0,2.0,5.0,5.0,2.0,4.0,4.0,3.0,2.0,3.0,3.0,2.0,4.0,5.0,4.0,2.0,2.0,2.0,2.0,14.0,0.164,Jack Clarke
632,Chiedozie,Ogbene,MID,50,Ipswich,6,0,0,0,270,0.2,1.2,6.4,0.00,0.05,0.05,305,243,1.0,False,,,1.5,298,0.0,0.02,1060,1090,10,40,632,2.0,3.0,2.0,4.0,3.0,2.0,2.0,2.0,2.0,3.0,5.0,4.0,3.0,2.0,5.0,5.0,2.0,4.0,4.0,3.0,2.0,3.0,3.0,2.0,4.0,5.0,4.0,2.0,2.0,2.0,2.0,14.0,0.071,Chiedozie Ogbene
117,Facundo,Buonanotte,MID,50,Leicester,28,2,2,1,35,1.0,5.6,32.4,0.69,0.60,1.29,57,38,5.0,False,,,4.7,64,0.17,0.15,1075,1100,11,13,117,2.0,3.0,2.0,3.0,4.0,3.0,2.0,2.0,4.0,2.0,5.0,5.0,4.0,2.0,2.0,4.0,2.0,5.0,2.0,2.0,4.0,3.0,5.0,3.0,3.0,5.0,2.0,2.0,2.0,2.0,3.0,14.0,0.357,Facundo Buonanotte
192,Jordan,Ayew,MID,52,Leicester,9,0,0,1,288,0.3,1.7,13.2,0.78,0.12,0.90,306,180,1.7,False,,,1.3,225,0.19,0.03,1075,1100,11,13,192,2.0,3.0,2.0,3.0,4.0,3.0,2.0,2.0,4.0,2.0,5.0,5.0,4.0,2.0,2.0,4.0,2.0,5.0,2.0,2.0,4.0,3.0,5.0,3.0,3.0,5.0,2.0,2.0,2.0,2.0,3.0,14.0,0.121,Jordan Ayew
198,Odsonne,Edouard,FWD,53,Leicester,6,0,0,0,307,0.2,1.1,7.8,0.39,0.07,0.46,403,246,1.0,False,,100.0,1.2,283,0.25,0.05,1075,1100,11,13,198,2.0,3.0,2.0,3.0,4.0,3.0,2.0,2.0,4.0,2.0,5.0,5.0,4.0,2.0,2.0,4.0,2.0,5.0,2.0,2.0,4.0,3.0,5.0,3.0,3.0,5.0,2.0,2.0,2.0,2.0,3.0,14.0,0.071,Odsonne Edouard
285,Boubakary,Soumaré,MID,45,Leicester,1,0,0,0,421,0.0,0.2,0.1,0.00,0.00,0.00,416,509,0.0,False,,,0.5,423,0.0,0.0,1075,1100,11,13,285,2.0,3.0,2.0,3.0,4.0,3.0,2.0,2.0,4.0,2.0,5.0,5.0,4.0,2.0,2.0,4.0,2.0,5.0,2.0,2.0,4.0,3.0,5.0,3.0,3.0,5.0,2.0,2.0,2.0,2.0,3.0,14.0,0.0,Boubakary Soumaré
286,Tom,Cannon,FWD,45,Leicester,0,0,0,0,563,0.0,0.0,0.0,0.00,0.00,0.00,555,523,0.0,False,Loaned to Stoke City,0.0,0.0,559,0.0,0.0,1075,1100,11,13,286,2.0,3.0,2.0,3.0,4.0,3.0,2.0,2.0,4.0,2.0,5.0,5.0,4.0,2.0,2.0,4.0,2.0,5.0,2.0,2.0,4.0,3.0,5.0,3.0,3.0,5.0,2.0,2.0,2.0,2.0,3.0,14.0,0.0,Tom Cannon
287,Hamza,Choudhury,MID,44,Leicester,1,0,0,0,334,0.0,0.2,0.3,0.00,0.00,0.00,400,475,0.0,False,Shoulder injury - Unknown return date,0.0,1.0,415,0.0,0.0,1075,1100,11,13,287,2.0,3.0,2.0,3.0,4.0,3.0,2.0,2.0,4.0,2.0,5.0,5.0,4.0,2.0,2.0,4.0,2.0,5.0,2.0,2.0,4.0,3.0,5.0,3.0,3.0,5.0,2.0,2.0,2.0,2.0,3.0,14.0,0.0,Hamza Choudhury
288,Conor,Coady,DEF,40,Leicester,0,0,0,0,438,0.0,0.0,0.2,0.00,0.00,0.00,408,367,0.0,False,,100.0,0.0,419,0.0,0.0,1075,1100,11,13,288,2.0,3.0,2.0,3.0,4.0,3.0,2.0,2.0,4.0,2.0,5.0,5.0,4.0,2.0,2.0,4.0,2.0,5.0,2.0,2.0,4.0,3.0,5.0,3.0,3.0,5.0,2.0,2.0,2.0,2.0,3.0,14.0,0.0,Conor Coady
289,Patson,Daka,FWD,48,Leicester,0,0,0,0,616,0.0,0.0,0.0,0.00,0.00,0.00,608,585,0.0,False,Ankle injury - Unknown return date,0.0,0.0,611,0.0,0.0,1075,1100,11,13,289,2.0,3.0,2.0,3.0,4.0,3.0,2.0,2.0,4.0,2.0,5.0,5.0,4.0,2.0,2.0,4.0,2.0,5.0,2.0,2.0,4.0,3.0,5.0,3.0,3.0,5.0,2.0,2.0,2.0,2.0,3.0,14.0,0.0,Patson Daka
290,Bobby,De Cordova-Reid,MID,53,Leicester,7,0,0,0,281,0.1,1.3,2.3,0.08,0.04,0.12,366,288,0.7,False,,,1.4,366,0.05,0.02,1075,1100,11,13,290,2.0,3.0,2.0,3.0,4.0,3.0,2.0,2.0,4.0,2.0,5.0,5.0,4.0,2.0,2.0,4.0,2.0,5.0,2.0,2.0,4.0,3.0,5.0,3.0,3.0,5.0,2.0,2.0,2.0,2.0,3.0,14.0,0.05,Bobby De Cordova-Reid
291,Wout,Faes,DEF,42,Leicester,18,1,0,1,143,0.6,4.3,27.8,0.39,0.07,0.46,14,110,2.7,False,,,2.6,87,0.06,0.01,1075,1100,11,13,291,2.0,3.0,2.0,3.0,4.0,3.0,2.0,2.0,4.0,2.0,5.0,5.0,4.0,2.0,2.0,4.0,2.0,5.0,2.0,2.0,4.0,3.0,5.0,3.0,3.0,5.0,2.0,2.0,2.0,2.0,3.0,14.0,0.193,Wout Faes
292,Michael,Golding,MID,44,Leicester,0,0,0,0,539,0.0,0.0,0.0,0.00,0.00,0.00,531,495,0.0,False,,,0.0,535,0.0,0.0,1075,1100,11,13,292,2.0,3.0,2.0,3.0,4.0,3.0,2.0,2.0,4.0,2.0,5.0,5.0,4.0,2.0,2.0,4.0,2.0,5.0,2.0,2.0,4.0,3.0,5.0,3.0,3.0,5.0,2.0,2.0,2.0,2.0,3.0,14.0,0.0,Michael Golding
293,Mads,Hermansen,GK,45,Leicester,21,0,0,1,118,1.0,4.7,27.3,0.00,0.00,0.00,6,50,4.3,False,,,3.0,89,0.0,0.0,1075,1100,11,13,293,2.0,3.0,2.0,3.0,4.0,3.0,2.0,2.0,4.0,2.0,5.0,5.0,4.0,2.0,2.0,4.0,2.0,5.0,2.0,2.0,4.0,3.0,5.0,3.0,3.0,5.0,2.0,2.0,2.0,2.0,3.0,14.0,0.307,Mads Hermansen
294,Daniel,Iversen,GK,40,Leicester,0,0,0,0,454,0.0,0.0,0.0,0.00,0.00,0.00,446,384,0.0,False,,,0.0,450,0.0,0.0,1075,1100,11,13,294,2.0,3.0,2.0,3.0,4.0,3.0,2.0,2.0,4.0,2.0,5.0,5.0,4.0,2.0,2.0,4.0,2.0,5.0,2.0,2.0,4.0,3.0,5.0,3.0,3.0,5.0,2.0,2.0,2.0,2.0,3.0,14.0,0.0,Daniel Iversen
295,James,Justin,DEF,46,Leicester,29,2,1,1,51,1.7,6.3,28.0,0.34,0.08,0.42,24,5,8.0,False,,,4.1,83,0.05,0.01,1075,1100,11,13,295,2.0,3.0,2.0,3.0,4.0,3.0,2.0,2.0,4.0,2.0,5.0,5.0,4.0,2.0,2.0,4.0,2.0,5.0,2.0,2.0,4.0,3.0,5.0,3.0,3.0,5.0,2.0,2.0,2.0,2.0,3.0,14.0,0.571,James Justin
296,Victor,Kristiansen,DEF,45,Leicester,12,0,0,1,235,0.6,2.7,24.5,0.00,0.35,0.35,66,116,2.7,False,,,1.7,110,0.0,0.05,1075,1100,11,13,296,2.0,3.0,2.0,3.0,4.0,3.0,2.0,2.0,4.0,2.0,5.0,5.0,4.0,2.0,2.0,4.0,2.0,5.0,2.0,2.0,4.0,3.0,5.0,3.0,3.0,5.0,2.0,2.0,2.0,2.0,3.0,14.0,0.193,Victor Kristiansen
297,Wanya,Marçal-Madivádua,MID,45,Leicester,0,0,0,0,565,0.0,0.0,0.0,0.00,0.00,0.00,557,525,0.0,False,Loaned to De Graafschap,0.0,0.0,561,0.0,0.0,1075,1100,11,13,297,2.0,3.0,2.0,3.0,4.0,3.0,2.0,2.0,4.0,2.0,5.0,5.0,4.0,2.0,2.0,4.0,2.0,5.0,2.0,2.0,4.0,3.0,5.0,3.0,3.0,5.0,2.0,2.0,2.0,2.0,3.0,14.0,0.0,Wanya Marçal-Madivádua
298,Stephy,Mavididi,MID,53,Leicester,25,2,0,1,73,0.9,4.7,25.9,0.70,1.10,1.80,125,40,5.0,False,,,3.6,97,0.16,0.26,1075,1100,11,13,298,2.0,3.0,2.0,3.0,4.0,3.0,2.0,2.0,4.0,2.0,5.0,5.0,4.0,2.0,2.0,4.0,2.0,5.0,2.0,2.0,4.0,3.0,5.0,3.0,3.0,5.0,2.0,2.0,2.0,2.0,3.0,14.0,0.357,Stephy Mavididi
299,Kasey,McAteer,MID,48,Leicester,3,0,0,0,359,0.0,0.6,1.1,0.02,0.00,0.02,386,587,0.0,False,,,1.0,397,0.18,0.0,1075,1100,11,13,299,2.0,3.0,2.0,3.0,4.0,3.0,2.0,2.0,4.0,2.0,5.0,5.0,4.0,2.0,2.0,4.0,2.0,5.0,2.0,2.0,4.0,3.0,5.0,3.0,3.0,5.0,2.0,2.0,2.0,2.0,3.0,14.0,0.0,Kasey McAteer
300,Wilfred,Ndidi,MID,50,Leicester,23,0,4,1,93,0.4,4.6,38.5,0.24,0.89,1.13,20,154,2.0,False,,,3.3,43,0.04,0.13,1075,1100,11,13,300,2.0,3.0,2.0,3.0,4.0,3.0,2.0,2.0,4.0,2.0,5.0,5.0,4.0,2.0,2.0,4.0,2.0,5.0,2.0,2.0,4.0,3.0,5.0,3.0,3.0,5.0,2.0,2.0,2.0,2.0,3.0,14.0,0.143,Wilfred Ndidi
301,Caleb,Okoli,DEF,40,Leicester,11,0,0,1,183,0.8,2.8,16.0,0.14,0.01,0.15,82,80,3.3,False,,,2.2,192,0.03,0.0,1075,1100,11,13,301,2.0,3.0,2.0,3.0,4.0,3.0,2.0,2.0,4.0,2.0,5.0,5.0,4.0,2.0,2.0,4.0,2.0,5.0,2.0,2.0,4.0,3.0,5.0,3.0,3.0,5.0,2.0,2.0,2.0,2.0,3.0,14.0,0.236,Caleb Okoli
302,Ricardo,Barbosa Pereira,DEF,43,Leicester,0,0,0,0,505,0.0,0.0,0.0,0.00,0.00,0.00,498,444,0.0,False,,,0.0,502,0.0,0.0,1075,1100,11,13,302,2.0,3.0,2.0,3.0,4.0,3.0,2.0,2.0,4.0,2.0,5.0,5.0,4.0,2.0,2.0,4.0,2.0,5.0,2.0,2.0,4.0,3.0,5.0,3.0,3.0,5.0,2.0,2.0,2.0,2.0,3.0,14.0,0.0,Ricardo Barbosa Pereira
303,Harry,Souttar,DEF,40,Leicester,0,0,0,0,450,0.0,0.0,0.0,0.00,0.00,0.00,442,380,0.0,False,Season long loan to Sheffield United,0.0,0.0,446,0.0,0.0,1075,1100,11,13,303,2.0,3.0,2.0,3.0,4.0,3.0,2.0,2.0,4.0,2.0,5.0,5.0,4.0,2.0,2.0,4.0,2.0,5.0,2.0,2.0,4.0,3.0,5.0,3.0,3.0,5.0,2.0,2.0,2.0,2.0,3.0,14.0,0.0,Harry Souttar
304,Jakub,Stolarczyk,GK,40,Leicester,0,0,0,0,466,0.0,0.0,0.0,0.00,0.00,0.00,459,398,0.0,False,Ankle injury - Expected back 25 Jan,0.0,0.0,463,0.0,0.0,1075,1100,11,13,304,2.0,3.0,2.0,3.0,4.0,3.0,2.0,2.0,4.0,2.0,5.0,5.0,4.0,2.0,2.0,4.0,2.0,5.0,2.0,2.0,4.0,3.0,5.0,3.0,3.0,5.0,2.0,2.0,2.0,2.0,3.0,14.0,0.0,Jakub Stolarczyk
305,Luke,Thomas,DEF,39,Leicester,0,0,0,0,431,0.0,0.0,0.0,0.00,0.00,0.00,423,357,0.0,False,,,0.0,427,0.0,0.0,1075,1100,11,13,305,2.0,3.0,2.0,3.0,4.0,3.0,2.0,2.0,4.0,2.0,5.0,5.0,4.0,2.0,2.0,4.0,2.0,5.0,2.0,2.0,4.0,3.0,5.0,3.0,3.0,5.0,2.0,2.0,2.0,2.0,3.0,14.0,0.0,Luke Thomas
306,Jamie,Vardy,FWD,57,Leicester,24,2,0,1,87,0.3,4.2,22.5,1.90,0.09,1.99,159,184,1.7,False,,100.0,3.4,128,0.3,0.01,1075,1100,11,13,306,2.0,3.0,2.0,3.0,4.0,3.0,2.0,2.0,4.0,2.0,5.0,5.0,4.0,2.0,2.0,4.0,2.0,5.0,2.0,2.0,4.0,3.0,5.0,3.0,3.0,5.0,2.0,2.0,2.0,2.0,3.0,14.0,0.121,Jamie Vardy
307,Jannik,Vestergaard,DEF,40,Leicester,2,0,0,0,317,0.0,0.5,4.5,0.01,0.00,0.01,274,366,0.0,False,,100.0,1.0,324,0.0,0.0,1075,1100,11,13,307,2.0,3.0,2.0,3.0,4.0,3.0,2.0,2.0,4.0,2.0,5.0,5.0,4.0,2.0,2.0,4.0,2.0,5.0,2.0,2.0,4.0,3.0,5.0,3.0,3.0,5.0,2.0,2.0,2.0,2.0,3.0,14.0,0.0,Jannik Vestergaard
308,Danny,Ward,GK,40,Leicester,0,0,0,0,439,0.0,0.0,0.0,0.00,0.00,0.00,430,368,0.0,False,,,0.0,434,0.0,0.0,1075,1100,11,13,308,2.0,3.0,2.0,3.0,4.0,3.0,2.0,2.0,4.0,2.0,5.0,5.0,4.0,2.0,2.0,4.0,2.0,5.0,2.0,2.0,4.0,3.0,5.0,3.0,3.0,5.0,2.0,2.0,2.0,2.0,3.0,14.0,0.0,Danny Ward
309,Harry,Winks,MID,45,Leicester,11,0,0,0,225,0.3,2.4,18.9,0.02,0.44,0.46,167,194,1.3,False,,,1.8,159,0.0,0.07,1075,1100,11,13,309,2.0,3.0,2.0,3.0,4.0,3.0,2.0,2.0,4.0,2.0,5.0,5.0,4.0,2.0,2.0,4.0,2.0,5.0,2.0,2.0,4.0,3.0,5.0,3.0,3.0,5.0,2.0,2.0,2.0,2.0,3.0,14.0,0.093,Harry Winks
501,Oliver,Skipp,MID,49,Leicester,8,0,0,1,255,0.3,1.6,10.1,0.05,0.20,0.25,240,205,1.3,False,,,1.6,256,0.01,0.05,1075,1100,11,13,501,2.0,3.0,2.0,3.0,4.0,3.0,2.0,2.0,4.0,2.0,5.0,5.0,4.0,2.0,2.0,4.0,2.0,5.0,2.0,2.0,4.0,3.0,5.0,3.0,3.0,5.0,2.0,2.0,2.0,2.0,3.0,14.0,0.093,Oliver Skipp
570,Abdul,Fatawu,MID,54,Leicester,16,0,1,0,176,0.2,3.0,15.1,0.15,0.61,0.76,196,249,1.0,False,,,2.3,201,0.05,0.2,1075,1100,11,13,570,2.0,3.0,2.0,3.0,4.0,3.0,2.0,2.0,4.0,2.0,5.0,5.0,4.0,2.0,2.0,4.0,2.0,5.0,2.0,2.0,4.0,3.0,5.0,3.0,3.0,5.0,2.0,2.0,2.0,2.0,3.0,14.0,0.071,Abdul Fatawu
606,Will,Alves,MID,45,Leicester,0,0,0,0,594,0.0,0.0,0.0,0.00,0.00,0.00,586,558,0.0,False,,,0.0,590,0.0,0.0,1075,1100,11,13,606,2.0,3.0,2.0,3.0,4.0,3.0,2.0,2.0,4.0,2.0,5.0,5.0,4.0,2.0,2.0,4.0,2.0,5.0,2.0,2.0,4.0,3.0,5.0,3.0,3.0,5.0,2.0,2.0,2.0,2.0,3.0,14.0,0.0,Will Alves
616,Ben,Nelson,DEF,40,Leicester,0,0,0,0,484,0.0,0.0,0.0,0.00,0.00,0.00,476,416,0.0,False,Loaned to Oxford United,0.0,0.0,480,0.0,0.0,1075,1100,11,13,616,2.0,3.0,2.0,3.0,4.0,3.0,2.0,2.0,4.0,2.0,5.0,5.0,4.0,2.0,2.0,4.0,2.0,5.0,2.0,2.0,4.0,3.0,5.0,3.0,3.0,5.0,2.0,2.0,2.0,2.0,3.0,14.0,0.0,Ben Nelson
635,Bilal,El Khannouss,MID,49,Leicester,3,0,0,0,372,0.1,0.6,3.6,0.03,0.04,0.07,377,282,0.7,False,,,1.0,338,0.03,0.05,1075,1100,11,13,635,2.0,3.0,2.0,3.0,4.0,3.0,2.0,2.0,4.0,2.0,5.0,5.0,4.0,2.0,2.0,4.0,2.0,5.0,2.0,2.0,4.0,3.0,5.0,3.0,3.0,5.0,2.0,2.0,2.0,2.0,3.0,14.0,0.05,Bilal El Khannouss
310,Alisson,Ramses Becker,GK,55,Liverpool,35,0,0,4,16,0.7,6.4,12.6,0.00,0.00,0.00,91,62,4.0,False,Hamstring injury - 25% chance of playing,25.0,5.8,233,0.0,0.0,1350,1365,12,14,310,4.0,5.0,2.0,3.0,2.0,5.0,4.0,2.0,2.0,4.0,2.0,2.0,3.0,2.0,3.0,2.0,3.0,2.0,5.0,3.0,2.0,4.0,2.0,3.0,2.0,2.0,4.0,4.0,5.0,3.0,2.0,16.0,0.25,Alisson Ramses Becker
311,Trent,Alexander-Arnold,DEF,71,Liverpool,41,0,1,5,14,0.9,5.8,40.5,0.33,2.58,2.91,99,15,6.7,True,,,5.9,36,0.05,0.4,1350,1365,12,14,311,4.0,5.0,2.0,3.0,2.0,5.0,4.0,2.0,2.0,4.0,2.0,2.0,3.0,2.0,3.0,2.0,3.0,2.0,5.0,3.0,2.0,4.0,2.0,3.0,2.0,2.0,4.0,4.0,5.0,3.0,2.0,16.0,0.419,Trent Alexander-Arnold
312,Stefan,Bajčetić Maquieira,MID,45,Liverpool,0,0,0,0,596,0.0,0.0,0.0,0.00,0.00,0.00,588,560,0.0,False,Loaned to RB Salzburg,0.0,0.0,592,0.0,0.0,1350,1365,12,14,312,4.0,5.0,2.0,3.0,2.0,5.0,4.0,2.0,2.0,4.0,2.0,2.0,3.0,2.0,3.0,2.0,3.0,2.0,5.0,3.0,2.0,4.0,2.0,3.0,2.0,2.0,4.0,4.0,5.0,3.0,2.0,16.0,0.0,Stefan Bajčetić Maquieira
313,Conor,Bradley,DEF,47,Liverpool,4,0,0,0,349,0.0,0.9,7.6,0.24,0.15,0.39,323,579,0.0,False,,,1.0,284,0.29,0.18,1350,1365,12,14,313,4.0,5.0,2.0,3.0,2.0,5.0,4.0,2.0,2.0,4.0,2.0,2.0,3.0,2.0,3.0,2.0,3.0,2.0,5.0,3.0,2.0,4.0,2.0,3.0,2.0,2.0,4.0,4.0,5.0,3.0,2.0,16.0,0.0,Conor Bradley
315,Bobby,Clark,MID,45,Liverpool,0,0,0,0,579,0.0,0.0,0.0,0.00,0.00,0.00,571,540,0.0,False,Transferred to RB Salzburg,0.0,0.0,575,0.0,0.0,1350,1365,12,14,315,4.0,5.0,2.0,3.0,2.0,5.0,4.0,2.0,2.0,4.0,2.0,2.0,3.0,2.0,3.0,2.0,3.0,2.0,5.0,3.0,2.0,4.0,2.0,3.0,2.0,2.0,4.0,4.0,5.0,3.0,2.0,16.0,0.0,Bobby Clark
316,Darwin,Núñez Ribeiro,FWD,71,Liverpool,9,1,0,1,193,0.3,1.3,11.8,0.46,0.01,0.47,231,164,2.0,False,,,2.2,243,0.31,0.01,1350,1365,12,14,316,4.0,5.0,2.0,3.0,2.0,5.0,4.0,2.0,2.0,4.0,2.0,2.0,3.0,2.0,3.0,2.0,3.0,2.0,5.0,3.0,2.0,4.0,2.0,3.0,2.0,2.0,4.0,4.0,5.0,3.0,2.0,16.0,0.125,Darwin Núñez Ribeiro
317,Diogo,Teixeira da Silva,MID,74,Liverpool,34,2,3,4,17,0.7,4.6,31.6,2.72,0.32,3.04,126,34,5.3,False,,,5.7,67,0.53,0.06,1350,1365,12,14,317,4.0,5.0,2.0,3.0,2.0,5.0,4.0,2.0,2.0,4.0,2.0,2.0,3.0,2.0,3.0,2.0,3.0,2.0,5.0,3.0,2.0,4.0,2.0,3.0,2.0,2.0,4.0,4.0,5.0,3.0,2.0,16.0,0.331,Diogo Teixeira da Silva
318,Ben,Doak,MID,45,Liverpool,0,0,0,0,582,0.0,0.0,0.0,0.00,0.00,0.00,574,543,0.0,False,Loaned to Middlesbrough,0.0,0.0,578,0.0,0.0,1350,1365,12,14,318,4.0,5.0,2.0,3.0,2.0,5.0,4.0,2.0,2.0,4.0,2.0,2.0,3.0,2.0,3.0,2.0,3.0,2.0,5.0,3.0,2.0,4.0,2.0,3.0,2.0,2.0,4.0,4.0,5.0,3.0,2.0,16.0,0.0,Ben Doak
319,Harvey,Elliott,MID,52,Liverpool,1,0,0,0,379,0.0,0.2,0.4,0.00,0.02,0.02,646,637,0.0,False,Foot injury - 50% chance of playing,50.0,1.0,411,0.0,0.26,1350,1365,12,14,319,4.0,5.0,2.0,3.0,2.0,5.0,4.0,2.0,2.0,4.0,2.0,2.0,3.0,2.0,3.0,2.0,3.0,2.0,5.0,3.0,2.0,4.0,2.0,3.0,2.0,2.0,4.0,4.0,5.0,3.0,2.0,16.0,0.0,Harvey Elliott
320,Endo,Wataru,MID,48,Liverpool,2,0,0,0,352,0.1,0.4,1.3,0.00,0.01,0.01,407,326,0.3,False,,,1.0,396,0.0,0.45,1350,1365,12,14,320,4.0,5.0,2.0,3.0,2.0,5.0,4.0,2.0,2.0,4.0,2.0,2.0,3.0,2.0,3.0,2.0,3.0,2.0,5.0,3.0,2.0,4.0,2.0,3.0,2.0,2.0,4.0,4.0,5.0,3.0,2.0,16.0,0.019,Endo Wataru
321,Cody,Gakpo,FWD,71,Liverpool,9,0,1,1,293,0.3,1.3,18.4,0.50,0.35,0.85,237,163,2.0,False,,,1.3,168,0.22,0.15,1350,1365,12,14,321,4.0,5.0,2.0,3.0,2.0,5.0,4.0,2.0,2.0,4.0,2.0,2.0,3.0,2.0,3.0,2.0,3.0,2.0,5.0,3.0,2.0,4.0,2.0,3.0,2.0,2.0,4.0,4.0,5.0,3.0,2.0,16.0,0.125,Cody Gakpo
322,Joe,Gomez,DEF,48,Liverpool,1,0,0,0,354,0.1,0.2,0.3,0.00,0.00,0.00,402,327,0.3,False,,,1.0,417,0.0,0.0,1350,1365,12,14,322,4.0,5.0,2.0,3.0,2.0,5.0,4.0,2.0,2.0,4.0,2.0,2.0,3.0,2.0,3.0,2.0,3.0,2.0,5.0,3.0,2.0,4.0,2.0,3.0,2.0,2.0,4.0,4.0,5.0,3.0,2.0,16.0,0.019,Joe Gomez
323,Ryan,Gravenberch,MID,50,Liverpool,18,0,0,5,154,0.6,3.6,21.2,0.12,1.05,1.17,138,99,3.0,False,,,2.6,145,0.02,0.15,1350,1365,12,14,323,4.0,5.0,2.0,3.0,2.0,5.0,4.0,2.0,2.0,4.0,2.0,2.0,3.0,2.0,3.0,2.0,3.0,2.0,5.0,3.0,2.0,4.0,2.0,3.0,2.0,2.0,4.0,4.0,5.0,3.0,2.0,16.0,0.188,Ryan Gravenberch
324,Curtis,Jones,MID,53,Liverpool,6,0,0,1,275,0.3,1.1,8.6,0.26,0.06,0.32,290,181,1.7,False,,100.0,1.5,272,0.16,0.04,1350,1365,12,14,324,4.0,5.0,2.0,3.0,2.0,5.0,4.0,2.0,2.0,4.0,2.0,2.0,3.0,2.0,3.0,2.0,3.0,2.0,5.0,3.0,2.0,4.0,2.0,3.0,2.0,2.0,4.0,4.0,5.0,3.0,2.0,16.0,0.106,Curtis Jones
325,Caoimhin,Kelleher,GK,44,Liverpool,9,0,0,1,3,0.7,2.0,5.0,0.00,0.00,0.00,234,92,3.0,False,,,9.0,317,0.0,0.0,1350,1365,12,14,325,4.0,5.0,2.0,3.0,2.0,5.0,4.0,2.0,2.0,4.0,2.0,2.0,3.0,2.0,3.0,2.0,3.0,2.0,5.0,3.0,2.0,4.0,2.0,3.0,2.0,2.0,4.0,4.0,5.0,3.0,2.0,16.0,0.188,Caoimhin Kelleher
326,Ibrahima,Konaté,DEF,52,Liverpool,37,1,1,4,24,1.3,7.1,25.0,0.40,0.09,0.49,34,11,7.0,True,,,5.3,103,0.06,0.01,1350,1365,12,14,326,4.0,5.0,2.0,3.0,2.0,5.0,4.0,2.0,2.0,4.0,2.0,2.0,3.0,2.0,3.0,2.0,3.0,2.0,5.0,3.0,2.0,4.0,2.0,3.0,2.0,2.0,4.0,4.0,5.0,3.0,2.0,16.0,0.438,Ibrahima Konaté
327,Luis,Díaz,MID,80,Liverpool,54,5,1,5,5,0.8,6.8,59.8,2.82,0.74,3.56,9,20,6.3,True,,,7.7,11,0.57,0.15,1350,1365,12,14,327,4.0,5.0,2.0,3.0,2.0,5.0,4.0,2.0,2.0,4.0,2.0,2.0,3.0,2.0,3.0,2.0,3.0,2.0,5.0,3.0,2.0,4.0,2.0,3.0,2.0,2.0,4.0,4.0,5.0,3.0,2.0,16.0,0.394,Luis Díaz
328,Mohamed,Salah,MID,126,Liverpool,62,4,4,5,4,0.5,4.9,86.2,3.97,1.40,5.37,5,22,6.3,True,,,8.9,4,0.59,0.21,1350,1365,12,14,328,4.0,5.0,2.0,3.0,2.0,5.0,4.0,2.0,2.0,4.0,2.0,2.0,3.0,2.0,3.0,2.0,3.0,2.0,5.0,3.0,2.0,4.0,2.0,3.0,2.0,2.0,4.0,4.0,5.0,3.0,2.0,16.0,0.394,Mohamed Salah
329,Alexis,Mac Allister,MID,63,Liverpool,15,0,0,4,201,0.3,2.4,26.3,0.19,1.28,1.47,170,189,1.7,False,,,2.1,96,0.03,0.21,1350,1365,12,14,329,4.0,5.0,2.0,3.0,2.0,5.0,4.0,2.0,2.0,4.0,2.0,2.0,3.0,2.0,3.0,2.0,3.0,2.0,5.0,3.0,2.0,4.0,2.0,3.0,2.0,2.0,4.0,4.0,5.0,3.0,2.0,16.0,0.106,Alexis Mac Allister
330,James,McConnell,MID,45,Liverpool,0,0,0,0,576,0.0,0.0,0.0,0.00,0.00,0.00,568,537,0.0,False,,100.0,0.0,572,0.0,0.0,1350,1365,12,14,330,4.0,5.0,2.0,3.0,2.0,5.0,4.0,2.0,2.0,4.0,2.0,2.0,3.0,2.0,3.0,2.0,3.0,2.0,5.0,3.0,2.0,4.0,2.0,3.0,2.0,2.0,4.0,4.0,5.0,3.0,2.0,16.0,0.0,James McConnell
331,Tyler,Morton,MID,44,Liverpool,0,0,0,0,532,0.0,0.0,0.0,0.00,0.00,0.00,524,488,0.0,False,,100.0,0.0,528,0.0,0.0,1350,1365,12,14,331,4.0,5.0,2.0,3.0,2.0,5.0,4.0,2.0,2.0,4.0,2.0,2.0,3.0,2.0,3.0,2.0,3.0,2.0,5.0,3.0,2.0,4.0,2.0,3.0,2.0,2.0,4.0,4.0,5.0,3.0,2.0,16.0,0.0,Tyler Morton
332,Nathaniel,Phillips,DEF,40,Liverpool,0,0,0,0,452,0.0,0.0,0.0,0.00,0.00,0.00,444,382,0.0,False,Loaned to Derby County,0.0,0.0,448,0.0,0.0,1350,1365,12,14,332,4.0,5.0,2.0,3.0,2.0,5.0,4.0,2.0,2.0,4.0,2.0,2.0,3.0,2.0,3.0,2.0,3.0,2.0,5.0,3.0,2.0,4.0,2.0,3.0,2.0,2.0,4.0,4.0,5.0,3.0,2.0,16.0,0.0,Nathaniel Phillips
333,Jarell,Quansah,DEF,41,Liverpool,1,0,0,0,325,0.0,0.2,1.6,0.00,0.00,0.00,337,438,0.0,False,,100.0,1.0,388,0.0,0.0,1350,1365,12,14,333,4.0,5.0,2.0,3.0,2.0,5.0,4.0,2.0,2.0,4.0,2.0,2.0,3.0,2.0,3.0,2.0,3.0,2.0,5.0,3.0,2.0,4.0,2.0,3.0,2.0,2.0,4.0,4.0,5.0,3.0,2.0,16.0,0.0,Jarell Quansah
334,Rhys,Williams,DEF,40,Liverpool,0,0,0,0,457,0.0,0.0,0.0,0.00,0.00,0.00,450,388,0.0,False,Loaned to Morecambe,0.0,0.0,454,0.0,0.0,1350,1365,12,14,334,4.0,5.0,2.0,3.0,2.0,5.0,4.0,2.0,2.0,4.0,2.0,2.0,3.0,2.0,3.0,2.0,3.0,2.0,5.0,3.0,2.0,4.0,2.0,3.0,2.0,2.0,4.0,4.0,5.0,3.0,2.0,16.0,0.0,Rhys Williams
335,Andrew,Robertson,DEF,60,Liverpool,28,0,0,4,56,0.5,4.7,29.7,0.38,1.06,1.44,190,106,3.0,False,,,4.0,75,0.07,0.19,1350,1365,12,14,335,4.0,5.0,2.0,3.0,2.0,5.0,4.0,2.0,2.0,4.0,2.0,2.0,3.0,2.0,3.0,2.0,3.0,2.0,5.0,3.0,2.0,4.0,2.0,3.0,2.0,2.0,4.0,4.0,5.0,3.0,2.0,16.0,0.188,Andrew Robertson
336,Dominik,Szoboszlai,MID,65,Liverpool,22,0,2,4,108,0.3,3.4,34.4,1.23,0.97,2.20,188,162,2.0,False,,,3.1,58,0.21,0.16,1350,1365,12,14,336,4.0,5.0,2.0,3.0,2.0,5.0,4.0,2.0,2.0,4.0,2.0,2.0,3.0,2.0,3.0,2.0,3.0,2.0,5.0,3.0,2.0,4.0,2.0,3.0,2.0,2.0,4.0,4.0,5.0,3.0,2.0,16.0,0.125,Dominik Szoboszlai
337,Konstantinos,Tsimikas,DEF,47,Liverpool,9,0,0,1,186,0.4,1.9,3.2,0.03,0.08,0.11,325,149,2.0,False,,,2.2,345,0.02,0.06,1350,1365,12,14,337,4.0,5.0,2.0,3.0,2.0,5.0,4.0,2.0,2.0,4.0,2.0,2.0,3.0,2.0,3.0,2.0,3.0,2.0,5.0,3.0,2.0,4.0,2.0,3.0,2.0,2.0,4.0,4.0,5.0,3.0,2.0,16.0,0.125,Konstantinos Tsimikas
339,Virgil,van Dijk,DEF,60,Liverpool,36,0,0,5,28,0.9,6.0,21.4,0.19,0.18,0.37,62,32,5.3,False,,,5.1,140,0.03,0.03,1350,1365,12,14,339,4.0,5.0,2.0,3.0,2.0,5.0,4.0,2.0,2.0,4.0,2.0,2.0,3.0,2.0,3.0,2.0,3.0,2.0,5.0,3.0,2.0,4.0,2.0,3.0,2.0,2.0,4.0,4.0,5.0,3.0,2.0,16.0,0.331,Virgil van Dijk
636,Federico,Chiesa,MID,69,Liverpool,1,0,0,0,401,0.0,0.1,1.6,0.16,0.08,0.24,421,355,0.3,False,Knock - 50% chance of playing,50.0,1.0,391,0.8,0.4,1350,1365,12,14,636,4.0,5.0,2.0,3.0,2.0,5.0,4.0,2.0,2.0,4.0,2.0,2.0,3.0,2.0,3.0,2.0,3.0,2.0,5.0,3.0,2.0,4.0,2.0,3.0,2.0,2.0,4.0,4.0,5.0,3.0,2.0,16.0,0.019,Federico Chiesa
660,Vítezslav,Jaros,GK,40,Liverpool,1,0,0,0,322,0.1,0.2,0.9,0.00,0.00,0.00,368,306,0.3,False,,,1.0,403,0.0,0.0,1350,1365,12,14,660,4.0,5.0,2.0,3.0,2.0,5.0,4.0,2.0,2.0,4.0,2.0,2.0,3.0,2.0,3.0,2.0,3.0,2.0,5.0,3.0,2.0,4.0,2.0,3.0,2.0,2.0,4.0,4.0,5.0,3.0,2.0,16.0,0.019,Vítezslav Jaros
340,Manuel,Akanji,DEF,55,Man City,16,0,0,1,177,0.3,2.9,26.8,0.09,0.72,0.81,98,182,1.7,False,,,2.3,91,0.01,0.11,1355,1370,13,43,340,2.0,2.0,3.0,3.0,4.0,5.0,3.0,2.0,3.0,4.0,2.0,2.0,2.0,3.0,2.0,4.0,5.0,3.0,5.0,4.0,2.0,2.0,2.0,3.0,2.0,2.0,3.0,2.0,2.0,2.0,3.0,14.0,0.121,Manuel Akanji
341,Nathan,Aké,DEF,53,Man City,1,0,0,0,380,0.0,0.2,0.4,0.00,0.00,0.00,395,640,0.0,False,Muscle injury - 50% chance of playing,50.0,1.0,412,0.0,0.0,1355,1370,13,43,341,2.0,2.0,3.0,3.0,4.0,5.0,3.0,2.0,3.0,4.0,2.0,2.0,2.0,3.0,2.0,4.0,5.0,3.0,5.0,4.0,2.0,2.0,2.0,3.0,2.0,2.0,3.0,2.0,2.0,2.0,3.0,14.0,0.0,Nathan Aké
342,Bernardo,Veiga de Carvalho e Silva,MID,65,Man City,25,0,3,1,75,0.5,3.8,56.2,0.88,1.48,2.36,107,109,3.0,False,,,3.6,14,0.15,0.24,1355,1370,13,43,342,2.0,2.0,3.0,3.0,4.0,5.0,3.0,2.0,3.0,4.0,2.0,2.0,2.0,3.0,2.0,4.0,5.0,3.0,5.0,4.0,2.0,2.0,2.0,3.0,2.0,2.0,3.0,2.0,2.0,2.0,3.0,14.0,0.214,Bernardo Veiga de Carvalho e Silva
343,Oscar,Bobb,MID,47,Man City,0,0,0,0,613,0.0,0.0,0.0,0.00,0.00,0.00,606,578,0.0,False,Leg injury - Expected back 14 Dec,0.0,0.0,609,0.0,0.0,1355,1370,13,43,343,2.0,2.0,3.0,3.0,4.0,5.0,3.0,2.0,3.0,4.0,2.0,2.0,2.0,3.0,2.0,4.0,5.0,3.0,5.0,4.0,2.0,2.0,2.0,3.0,2.0,2.0,3.0,2.0,2.0,2.0,3.0,14.0,0.0,Oscar Bobb
344,Scott,Carson,GK,40,Man City,0,0,0,0,433,0.0,0.0,0.0,0.00,0.00,0.00,425,359,0.0,False,,,0.0,429,0.0,0.0,1355,1370,13,43,344,2.0,2.0,3.0,3.0,4.0,5.0,3.0,2.0,3.0,4.0,2.0,2.0,2.0,3.0,2.0,4.0,5.0,3.0,5.0,4.0,2.0,2.0,2.0,3.0,2.0,2.0,3.0,2.0,2.0,2.0,3.0,14.0,0.0,Scott Carson
345,Kevin,De Bruyne,MID,94,Man City,18,1,1,1,39,0.0,1.9,42.7,1.21,2.17,3.38,137,666,0.0,False,Groin Injury - 50% chance of playing,50.0,4.5,30,0.31,0.55,1355,1370,13,43,345,2.0,2.0,3.0,3.0,4.0,5.0,3.0,2.0,3.0,4.0,2.0,2.0,2.0,3.0,2.0,4.0,5.0,3.0,5.0,4.0,2.0,2.0,2.0,3.0,2.0,2.0,3.0,2.0,2.0,2.0,3.0,14.0,0.0,Kevin De Bruyne
346,Jérémy,Doku,MID,63,Man City,16,1,0,1,141,0.5,2.5,26.5,0.29,0.83,1.12,174,108,3.0,False,,,2.7,94,0.08,0.22,1355,1370,13,43,346,2.0,2.0,3.0,3.0,4.0,5.0,3.0,2.0,3.0,4.0,2.0,2.0,2.0,3.0,2.0,4.0,5.0,3.0,5.0,4.0,2.0,2.0,2.0,3.0,2.0,2.0,3.0,2.0,2.0,2.0,3.0,14.0,0.214,Jérémy Doku
347,Ederson,Santana de Moraes,GK,55,Man City,21,0,1,1,123,0.1,3.8,15.7,0.00,0.01,0.01,60,294,0.7,False,,,3.0,196,0.0,0.0,1355,1370,13,43,347,2.0,2.0,3.0,3.0,4.0,5.0,3.0,2.0,3.0,4.0,2.0,2.0,2.0,3.0,2.0,4.0,5.0,3.0,5.0,4.0,2.0,2.0,2.0,3.0,2.0,2.0,3.0,2.0,2.0,2.0,3.0,14.0,0.05,Ederson Santana de Moraes
348,Phil,Foden,MID,92,Man City,5,0,0,0,311,0.1,0.5,16.2,0.23,0.81,1.04,298,224,1.3,False,,100.0,1.2,190,0.12,0.44,1355,1370,13,43,348,2.0,2.0,3.0,3.0,4.0,5.0,3.0,2.0,3.0,4.0,2.0,2.0,2.0,3.0,2.0,4.0,5.0,3.0,5.0,4.0,2.0,2.0,2.0,3.0,2.0,2.0,3.0,2.0,2.0,2.0,3.0,14.0,0.093,Phil Foden
349,Jack,Grealish,MID,64,Man City,14,0,1,0,178,0.5,2.2,32.1,0.50,0.86,1.36,200,89,3.3,False,,100.0,2.3,66,0.14,0.24,1355,1370,13,43,349,2.0,2.0,3.0,3.0,4.0,5.0,3.0,2.0,3.0,4.0,2.0,2.0,2.0,3.0,2.0,4.0,5.0,3.0,5.0,4.0,2.0,2.0,2.0,3.0,2.0,2.0,3.0,2.0,2.0,2.0,3.0,14.0,0.236,Jack Grealish
350,Joško,Gvardiol,DEF,59,Man City,23,1,0,1,97,0.6,3.9,37.3,0.37,0.85,1.22,41,77,3.7,False,,,3.3,49,0.06,0.13,1355,1370,13,43,350,2.0,2.0,3.0,3.0,4.0,5.0,3.0,2.0,3.0,4.0,2.0,2.0,2.0,3.0,2.0,4.0,5.0,3.0,5.0,4.0,2.0,2.0,2.0,3.0,2.0,2.0,3.0,2.0,2.0,2.0,3.0,14.0,0.264,Joško Gvardiol
351,Erling,Haaland,FWD,154,Man City,67,10,0,1,2,0.3,4.4,91.8,6.39,0.37,6.76,1,56,4.3,True,,100.0,9.6,2,0.91,0.05,1355,1370,13,43,351,2.0,2.0,3.0,3.0,4.0,5.0,3.0,2.0,3.0,4.0,2.0,2.0,2.0,3.0,2.0,4.0,5.0,3.0,5.0,4.0,2.0,2.0,2.0,3.0,2.0,2.0,3.0,2.0,2.0,2.0,3.0,14.0,0.307,Erling Haaland
352,Julián,Álvarez,FWD,70,Man City,0,0,0,0,665,0.0,0.0,0.0,0.00,0.00,0.00,665,663,0.0,False,Transferred to Atletico Madrid,0.0,0.0,665,0.0,0.0,1355,1370,13,43,352,2.0,2.0,3.0,3.0,4.0,5.0,3.0,2.0,3.0,4.0,2.0,2.0,2.0,3.0,2.0,4.0,5.0,3.0,5.0,4.0,2.0,2.0,2.0,3.0,2.0,2.0,3.0,2.0,2.0,2.0,3.0,14.0,0.0,Julián Álvarez
353,João,Cavaco Cancelo,DEF,53,Man City,0,0,0,0,650,0.0,0.0,0.0,0.00,0.00,0.00,648,639,0.0,False,Permanent transfer to Saudi club Al-Hilal,0.0,0.0,650,0.0,0.0,1355,1370,13,43,353,2.0,2.0,3.0,3.0,4.0,5.0,3.0,2.0,3.0,4.0,2.0,2.0,2.0,3.0,2.0,4.0,5.0,3.0,5.0,4.0,2.0,2.0,2.0,3.0,2.0,2.0,3.0,2.0,2.0,2.0,3.0,14.0,0.0,João Cavaco Cancelo
354,Mateo,Kovačić,MID,56,Man City,36,3,1,1,26,1.3,6.4,38.4,0.68,0.68,1.35,27,10,7.3,False,,100.0,5.1,45,0.12,0.12,1355,1370,13,43,354,2.0,2.0,3.0,3.0,4.0,5.0,3.0,2.0,3.0,4.0,2.0,2.0,2.0,3.0,2.0,4.0,5.0,3.0,5.0,4.0,2.0,2.0,2.0,3.0,2.0,2.0,3.0,2.0,2.0,2.0,3.0,14.0,0.521,Mateo Kovačić
355,Rico,Lewis,DEF,47,Man City,21,0,2,1,79,0.4,4.5,22.5,0.72,0.24,0.96,130,150,2.0,False,,,3.5,127,0.13,0.04,1355,1370,13,43,355,2.0,2.0,3.0,3.0,4.0,5.0,3.0,2.0,3.0,4.0,2.0,2.0,2.0,3.0,2.0,4.0,5.0,3.0,5.0,4.0,2.0,2.0,2.0,3.0,2.0,2.0,3.0,2.0,2.0,2.0,3.0,14.0,0.143,Rico Lewis
356,Matheus Luiz,Nunes,MID,49,Man City,7,0,1,0,226,0.1,1.4,4.7,0.00,0.17,0.17,300,336,0.3,False,,,1.8,323,0.0,0.73,1355,1370,13,43,356,2.0,2.0,3.0,3.0,4.0,5.0,3.0,2.0,3.0,4.0,2.0,2.0,2.0,3.0,2.0,4.0,5.0,3.0,5.0,4.0,2.0,2.0,2.0,3.0,2.0,2.0,3.0,2.0,2.0,2.0,3.0,14.0,0.021,Matheus Luiz Nunes
357,James,McAtee,MID,48,Man City,1,0,0,0,356,0.0,0.2,0.3,0.00,0.02,0.02,417,586,0.0,False,,,1.0,418,0.0,1.8,1355,1370,13,43,357,2.0,2.0,3.0,3.0,4.0,5.0,3.0,2.0,3.0,4.0,2.0,2.0,2.0,3.0,2.0,4.0,5.0,3.0,5.0,4.0,2.0,2.0,2.0,3.0,2.0,2.0,3.0,2.0,2.0,2.0,3.0,14.0,0.0,James McAtee
358,Stefan,Ortega Moreno,GK,53,Man City,0,0,0,0,649,0.0,0.0,0.0,0.00,0.00,0.00,647,638,0.0,False,,,0.0,649,0.0,0.0,1355,1370,13,43,358,2.0,2.0,3.0,3.0,4.0,5.0,3.0,2.0,3.0,4.0,2.0,2.0,2.0,3.0,2.0,4.0,5.0,3.0,5.0,4.0,2.0,2.0,2.0,3.0,2.0,2.0,3.0,2.0,2.0,2.0,3.0,14.0,0.0,Stefan Ortega Moreno
360,Rodrigo 'Rodri',Hernandez,MID,63,Man City,2,0,0,0,397,0.0,0.3,2.8,0.00,0.09,0.09,356,353,0.3,False,Knee injury - Expected back 01 Jun,0.0,1.0,358,0.0,0.12,1355,1370,13,43,360,2.0,2.0,3.0,3.0,4.0,5.0,3.0,2.0,3.0,4.0,2.0,2.0,2.0,3.0,2.0,4.0,5.0,3.0,5.0,4.0,2.0,2.0,2.0,3.0,2.0,2.0,3.0,2.0,2.0,2.0,3.0,14.0,0.021,Rodrigo 'Rodri' Hernandez
361,Rúben,Gato Alves Dias,DEF,55,Man City,10,0,0,1,282,0.1,1.8,21.4,0.54,0.49,1.03,123,295,0.7,False,,,1.4,139,0.09,0.08,1355,1370,13,43,361,2.0,2.0,3.0,3.0,4.0,5.0,3.0,2.0,3.0,4.0,2.0,2.0,2.0,3.0,2.0,4.0,5.0,3.0,5.0,4.0,2.0,2.0,2.0,3.0,2.0,2.0,3.0,2.0,2.0,2.0,3.0,14.0,0.05,Rúben Gato Alves Dias
362,John,Stones,DEF,53,Man City,10,1,0,0,162,0.5,1.9,8.7,0.34,0.05,0.39,250,122,2.7,False,,,2.5,270,0.21,0.03,1355,1370,13,43,362,2.0,2.0,3.0,3.0,4.0,5.0,3.0,2.0,3.0,4.0,2.0,2.0,2.0,3.0,2.0,4.0,5.0,3.0,5.0,4.0,2.0,2.0,2.0,3.0,2.0,2.0,3.0,2.0,2.0,2.0,3.0,14.0,0.193,John Stones
363,Kyle,Walker,DEF,53,Man City,7,0,0,0,280,0.2,1.3,15.7,0.12,0.85,0.97,215,215,1.3,False,,,1.4,195,0.04,0.27,1355,1370,13,43,363,2.0,2.0,3.0,3.0,4.0,5.0,3.0,2.0,3.0,4.0,2.0,2.0,2.0,3.0,2.0,4.0,5.0,3.0,5.0,4.0,2.0,2.0,2.0,3.0,2.0,2.0,3.0,2.0,2.0,2.0,3.0,14.0,0.093,Kyle Walker
571,Sávio 'Savinho',Moreira de Oliveira,MID,65,Man City,19,0,3,0,62,0.4,2.9,30.3,0.78,0.94,1.72,186,127,2.7,False,,100.0,3.8,72,0.24,0.29,1355,1370,13,43,571,2.0,2.0,3.0,3.0,4.0,5.0,3.0,2.0,3.0,4.0,2.0,2.0,2.0,3.0,2.0,4.0,5.0,3.0,5.0,4.0,2.0,2.0,2.0,3.0,2.0,2.0,3.0,2.0,2.0,2.0,3.0,14.0,0.193,Sávio 'Savinho' Moreira de Oliveira
607,Nico,O'Reilly,MID,50,Man City,0,0,0,0,640,0.0,0.0,0.0,0.00,0.00,0.00,636,625,0.0,False,Knock - 75% chance of playing,75.0,0.0,639,0.0,0.0,1355,1370,13,43,607,2.0,2.0,3.0,3.0,4.0,5.0,3.0,2.0,3.0,4.0,2.0,2.0,2.0,3.0,2.0,4.0,5.0,3.0,5.0,4.0,2.0,2.0,2.0,3.0,2.0,2.0,3.0,2.0,2.0,2.0,3.0,14.0,0.0,Nico O'Reilly
625,Ilkay,Gündogan,MID,65,Man City,10,0,0,0,246,0.3,1.5,25.4,0.84,0.83,1.67,267,161,2.0,False,,,1.7,102,0.2,0.2,1355,1370,13,43,625,2.0,2.0,3.0,3.0,4.0,5.0,3.0,2.0,3.0,4.0,2.0,2.0,2.0,3.0,2.0,4.0,5.0,3.0,5.0,4.0,2.0,2.0,2.0,3.0,2.0,2.0,3.0,2.0,2.0,2.0,3.0,14.0,0.143,Ilkay Gündogan
626,Issa,Kaboré,DEF,45,Man City,0,0,0,0,570,0.0,0.0,0.0,0.00,0.00,0.00,562,530,0.0,False,Loaned to Benfica,0.0,0.0,566,0.0,0.0,1355,1370,13,43,626,2.0,2.0,3.0,3.0,4.0,5.0,3.0,2.0,3.0,4.0,2.0,2.0,2.0,3.0,2.0,4.0,5.0,3.0,5.0,4.0,2.0,2.0,2.0,3.0,2.0,2.0,3.0,2.0,2.0,2.0,3.0,14.0,0.0,Issa Kaboré
364,Amad,Diallo,MID,50,Man Utd,20,1,1,3,94,0.3,4.0,36.5,0.43,0.86,1.29,135,211,1.3,False,,,3.3,53,0.11,0.23,1125,1155,14,1,364,2.0,2.0,4.0,2.0,2.0,2.0,5.0,3.0,5.0,2.0,2.0,3.0,5.0,2.0,2.0,3.0,2.0,4.0,2.0,2.0,5.0,2.0,2.0,5.0,4.0,2.0,3.0,3.0,2.0,4.0,3.0,12.0,0.108,Amad Diallo
365,Antony Matheus,dos Santos,MID,58,Man Utd,2,0,0,0,393,0.1,0.3,2.8,0.15,0.05,0.20,382,350,0.3,False,,,1.0,357,0.5,0.17,1125,1155,14,1,365,2.0,2.0,4.0,2.0,2.0,2.0,5.0,3.0,5.0,2.0,2.0,3.0,5.0,2.0,2.0,3.0,2.0,4.0,2.0,2.0,5.0,2.0,2.0,5.0,4.0,2.0,3.0,3.0,2.0,4.0,3.0,12.0,0.025,Antony Matheus dos Santos
366,Bruno,Borges Fernandes,MID,82,Man Utd,16,0,1,4,180,0.2,2.0,31.3,1.90,1.36,3.26,146,223,1.3,False,,100.0,2.3,70,0.3,0.22,1125,1155,14,1,366,2.0,2.0,4.0,2.0,2.0,2.0,5.0,3.0,5.0,2.0,2.0,3.0,5.0,2.0,2.0,3.0,2.0,4.0,2.0,2.0,5.0,2.0,2.0,5.0,4.0,2.0,3.0,3.0,2.0,4.0,3.0,12.0,0.108,Bruno Borges Fernandes
367,Altay,Bayindir,GK,44,Man Utd,0,0,0,0,533,0.0,0.0,0.0,0.00,0.00,0.00,525,489,0.0,False,,,0.0,529,0.0,0.0,1125,1155,14,1,367,2.0,2.0,4.0,2.0,2.0,2.0,5.0,3.0,5.0,2.0,2.0,3.0,5.0,2.0,2.0,3.0,2.0,4.0,2.0,2.0,5.0,2.0,2.0,5.0,4.0,2.0,3.0,3.0,2.0,4.0,3.0,12.0,0.0,Altay Bayindir
368,Carlos Henrique,Casimiro,MID,48,Man Utd,9,0,0,1,266,0.1,1.9,18.6,0.43,0.65,1.08,219,271,0.7,False,,,1.5,163,0.14,0.21,1125,1155,14,1,368,2.0,2.0,4.0,2.0,2.0,2.0,5.0,3.0,5.0,2.0,2.0,3.0,5.0,2.0,2.0,3.0,2.0,4.0,2.0,2.0,5.0,2.0,2.0,5.0,4.0,2.0,3.0,3.0,2.0,4.0,3.0,12.0,0.058,Carlos Henrique Casimiro
369,Diogo,Dalot Teixeira,DEF,51,Man Utd,35,0,1,4,31,1.0,6.9,24.9,0.02,0.83,0.85,78,39,5.0,False,,,5.0,104,0.0,0.12,1125,1155,14,1,369,2.0,2.0,4.0,2.0,2.0,2.0,5.0,3.0,5.0,2.0,2.0,3.0,5.0,2.0,2.0,3.0,2.0,4.0,2.0,2.0,5.0,2.0,2.0,5.0,4.0,2.0,3.0,3.0,2.0,4.0,3.0,12.0,0.417,Diogo Dalot Teixeira
370,Christian,Eriksen,MID,54,Man Utd,9,0,0,3,230,0.4,1.7,18.1,0.00,0.88,0.88,266,157,2.0,False,,,1.8,173,0.0,0.31,1125,1155,14,1,370,2.0,2.0,4.0,2.0,2.0,2.0,5.0,3.0,5.0,2.0,2.0,3.0,5.0,2.0,2.0,3.0,2.0,4.0,2.0,2.0,5.0,2.0,2.0,5.0,4.0,2.0,3.0,3.0,2.0,4.0,3.0,12.0,0.167,Christian Eriksen
371,Jonny,Evans,DEF,44,Man Utd,11,0,0,1,64,0.7,2.5,3.0,0.08,0.01,0.09,304,91,3.0,False,,,3.7,349,0.06,0.01,1125,1155,14,1,371,2.0,2.0,4.0,2.0,2.0,2.0,5.0,3.0,5.0,2.0,2.0,3.0,5.0,2.0,2.0,3.0,2.0,4.0,2.0,2.0,5.0,2.0,2.0,5.0,4.0,2.0,3.0,3.0,2.0,4.0,3.0,12.0,0.25,Jonny Evans
372,Alejandro,Garnacho,MID,63,Man Utd,20,1,1,2,127,0.4,3.2,31.4,2.38,0.38,2.76,160,143,2.3,False,Knee injury - 75% chance of playing,75.0,2.9,69,0.52,0.08,1125,1155,14,1,372,2.0,2.0,4.0,2.0,2.0,2.0,5.0,3.0,5.0,2.0,2.0,3.0,5.0,2.0,2.0,3.0,2.0,4.0,2.0,2.0,5.0,2.0,2.0,5.0,4.0,2.0,3.0,3.0,2.0,4.0,3.0,12.0,0.192,Alejandro Garnacho
373,Hannibal,Mejbri,MID,45,Man Utd,0,0,0,0,567,0.0,0.0,0.0,0.00,0.00,0.00,559,527,0.0,False,Permanent move to Burnley,0.0,0.0,563,0.0,0.0,1125,1155,14,1,373,2.0,2.0,4.0,2.0,2.0,2.0,5.0,3.0,5.0,2.0,2.0,3.0,5.0,2.0,2.0,3.0,2.0,4.0,2.0,2.0,5.0,2.0,2.0,5.0,4.0,2.0,3.0,3.0,2.0,4.0,3.0,12.0,0.0,Hannibal Mejbri
374,Tom,Heaton,GK,40,Man Utd,0,0,0,0,435,0.0,0.0,0.0,0.00,0.00,0.00,427,361,0.0,False,,,0.0,431,0.0,0.0,1125,1155,14,1,374,2.0,2.0,4.0,2.0,2.0,2.0,5.0,3.0,5.0,2.0,2.0,3.0,5.0,2.0,2.0,3.0,2.0,4.0,2.0,2.0,5.0,2.0,2.0,5.0,4.0,2.0,3.0,3.0,2.0,4.0,3.0,12.0,0.0,Tom Heaton
375,Rasmus,Højlund,FWD,69,Man Utd,4,0,0,1,292,0.2,0.6,0.6,0.00,0.02,0.02,664,221,1.3,False,,100.0,1.3,408,0.0,0.02,1125,1155,14,1,375,2.0,2.0,4.0,2.0,2.0,2.0,5.0,3.0,5.0,2.0,2.0,3.0,5.0,2.0,2.0,3.0,2.0,4.0,2.0,2.0,5.0,2.0,2.0,5.0,4.0,2.0,3.0,3.0,2.0,4.0,3.0,12.0,0.108,Rasmus Højlund
376,Victor,Lindelöf,DEF,43,Man Utd,0,0,0,0,508,0.0,0.0,1.5,0.00,0.01,0.01,355,449,0.0,False,,100.0,0.0,392,0.0,0.02,1125,1155,14,1,376,2.0,2.0,4.0,2.0,2.0,2.0,5.0,3.0,5.0,2.0,2.0,3.0,5.0,2.0,2.0,3.0,2.0,4.0,2.0,2.0,5.0,2.0,2.0,5.0,4.0,2.0,3.0,3.0,2.0,4.0,3.0,12.0,0.0,Victor Lindelöf
377,Harry,Maguire,DEF,49,Man Utd,8,0,0,1,254,0.0,1.6,6.7,0.04,0.02,0.06,256,590,0.0,False,Knock - 75% chance of playing,75.0,1.6,293,0.02,0.01,1125,1155,14,1,377,2.0,2.0,4.0,2.0,2.0,2.0,5.0,3.0,5.0,2.0,2.0,3.0,5.0,2.0,2.0,3.0,2.0,4.0,2.0,2.0,5.0,2.0,2.0,5.0,4.0,2.0,3.0,3.0,2.0,4.0,3.0,12.0,0.0,Harry Maguire
378,Kobbie,Mainoo,MID,52,Man Utd,13,0,0,4,222,0.4,2.5,15.6,0.13,0.45,0.58,183,156,2.0,False,Knock - 75% chance of playing,75.0,1.9,197,0.02,0.07,1125,1155,14,1,378,2.0,2.0,4.0,2.0,2.0,2.0,5.0,3.0,5.0,2.0,2.0,3.0,5.0,2.0,2.0,3.0,2.0,4.0,2.0,2.0,5.0,2.0,2.0,5.0,4.0,2.0,3.0,3.0,2.0,4.0,3.0,12.0,0.167,Kobbie Mainoo
379,Tyrell,Malacia,DEF,44,Man Utd,0,0,0,0,526,0.0,0.0,0.0,0.00,0.00,0.00,518,479,0.0,False,Knee injury - 50% chance of playing,50.0,0.0,522,0.0,0.0,1125,1155,14,1,379,2.0,2.0,4.0,2.0,2.0,2.0,5.0,3.0,5.0,2.0,2.0,3.0,5.0,2.0,2.0,3.0,2.0,4.0,2.0,2.0,5.0,2.0,2.0,5.0,4.0,2.0,3.0,3.0,2.0,4.0,3.0,12.0,0.0,Tyrell Malacia
380,Lisandro,Martínez,DEF,45,Man Utd,19,0,0,3,101,0.4,4.2,18.8,0.79,0.26,1.05,149,170,1.7,False,,100.0,3.2,162,0.14,0.04,1125,1155,14,1,380,2.0,2.0,4.0,2.0,2.0,2.0,5.0,3.0,5.0,2.0,2.0,3.0,5.0,2.0,2.0,3.0,2.0,4.0,2.0,2.0,5.0,2.0,2.0,5.0,4.0,2.0,3.0,3.0,2.0,4.0,3.0,12.0,0.142,Lisandro Martínez
381,Scott,McTominay,MID,49,Man Utd,2,0,0,0,366,0.0,0.4,0.9,0.07,0.00,0.07,398,597,0.0,False,Transferred to Napoli,0.0,1.0,404,0.37,0.0,1125,1155,14,1,381,2.0,2.0,4.0,2.0,2.0,2.0,5.0,3.0,5.0,2.0,2.0,3.0,5.0,2.0,2.0,3.0,2.0,4.0,2.0,2.0,5.0,2.0,2.0,5.0,4.0,2.0,3.0,3.0,2.0,4.0,3.0,12.0,0.0,Scott McTominay
382,Mason,Mount,MID,63,Man Utd,3,0,0,1,396,0.0,0.5,10.8,0.39,0.04,0.43,327,656,0.0,False,Head injury - 75% chance of playing,75.0,1.0,249,0.24,0.02,1125,1155,14,1,382,2.0,2.0,4.0,2.0,2.0,2.0,5.0,3.0,5.0,2.0,2.0,3.0,5.0,2.0,2.0,3.0,2.0,4.0,2.0,2.0,5.0,2.0,2.0,5.0,4.0,2.0,3.0,3.0,2.0,4.0,3.0,12.0,0.0,Mason Mount
383,André,Onana,GK,50,Man Utd,39,0,0,4,19,1.2,7.8,19.2,0.00,0.00,0.00,21,24,6.0,True,,,5.6,154,0.0,0.0,1125,1155,14,1,383,2.0,2.0,4.0,2.0,2.0,2.0,5.0,3.0,5.0,2.0,2.0,3.0,5.0,2.0,2.0,3.0,2.0,4.0,2.0,2.0,5.0,2.0,2.0,5.0,4.0,2.0,3.0,3.0,2.0,4.0,3.0,12.0,0.5,André Onana
384,Facundo,Pellistri Rebollo,MID,50,Man Utd,0,0,0,0,642,0.0,0.0,0.0,0.00,0.00,0.00,638,628,0.0,False,Transferred to Panathinaikos,0.0,0.0,641,0.0,0.0,1125,1155,14,1,384,2.0,2.0,4.0,2.0,2.0,2.0,5.0,3.0,5.0,2.0,2.0,3.0,5.0,2.0,2.0,3.0,2.0,4.0,2.0,2.0,5.0,2.0,2.0,5.0,4.0,2.0,3.0,3.0,2.0,4.0,3.0,12.0,0.0,Facundo Pellistri Rebollo
385,Marcus,Rashford,MID,69,Man Utd,20,1,0,3,128,0.2,2.9,27.9,0.58,0.83,1.41,165,190,1.7,False,,,2.9,86,0.11,0.16,1125,1155,14,1,385,2.0,2.0,4.0,2.0,2.0,2.0,5.0,3.0,5.0,2.0,2.0,3.0,5.0,2.0,2.0,3.0,2.0,4.0,2.0,2.0,5.0,2.0,2.0,5.0,4.0,2.0,3.0,3.0,2.0,4.0,3.0,12.0,0.142,Marcus Rashford
387,Luke,Shaw,DEF,49,Man Utd,0,0,0,0,618,0.0,0.0,0.0,0.00,0.00,0.00,612,591,0.0,False,Calf injury - 50% chance of playing,50.0,0.0,615,0.0,0.0,1125,1155,14,1,387,2.0,2.0,4.0,2.0,2.0,2.0,5.0,3.0,5.0,2.0,2.0,3.0,5.0,2.0,2.0,3.0,2.0,4.0,2.0,2.0,5.0,2.0,2.0,5.0,4.0,2.0,3.0,3.0,2.0,4.0,3.0,12.0,0.0,Luke Shaw
389,Joshua,Zirkzee,FWD,68,Man Utd,16,1,0,2,179,0.2,2.4,28.8,2.44,0.31,2.75,181,220,1.3,False,,,2.3,80,0.58,0.07,1125,1155,14,1,389,2.0,2.0,4.0,2.0,2.0,2.0,5.0,3.0,5.0,2.0,2.0,3.0,5.0,2.0,2.0,3.0,2.0,4.0,2.0,2.0,5.0,2.0,2.0,5.0,4.0,2.0,3.0,3.0,2.0,4.0,3.0,12.0,0.108,Joshua Zirkzee
572,Leny,Yoro,DEF,43,Man Utd,0,0,0,0,516,0.0,0.0,0.0,0.00,0.00,0.00,508,458,0.0,False,Foot injury - Expected back 02 Nov,0.0,0.0,512,0.0,0.0,1125,1155,14,1,572,2.0,2.0,4.0,2.0,2.0,2.0,5.0,3.0,5.0,2.0,2.0,3.0,5.0,2.0,2.0,3.0,2.0,4.0,2.0,2.0,5.0,2.0,2.0,5.0,4.0,2.0,3.0,3.0,2.0,4.0,3.0,12.0,0.0,Leny Yoro
593,Matthijs,de Ligt,DEF,50,Man Utd,25,1,0,2,72,0.5,5.0,28.8,1.12,0.01,1.13,86,120,2.7,False,,,3.6,78,0.25,0.0,1125,1155,14,1,593,2.0,2.0,4.0,2.0,2.0,2.0,5.0,3.0,5.0,2.0,2.0,3.0,5.0,2.0,2.0,3.0,2.0,4.0,2.0,2.0,5.0,2.0,2.0,5.0,4.0,2.0,3.0,3.0,2.0,4.0,3.0,12.0,0.225,Matthijs de Ligt
594,Noussair,Mazraoui,DEF,46,Man Utd,26,0,1,3,67,0.5,5.7,21.3,0.20,0.47,0.67,106,133,2.3,False,Illness - 25% chance of playing,25.0,3.7,142,0.03,0.08,1125,1155,14,1,594,2.0,2.0,4.0,2.0,2.0,2.0,5.0,3.0,5.0,2.0,2.0,3.0,5.0,2.0,2.0,3.0,2.0,4.0,2.0,2.0,5.0,2.0,2.0,5.0,4.0,2.0,3.0,3.0,2.0,4.0,3.0,12.0,0.192,Noussair Mazraoui
613,Toby,Collyer,MID,45,Man Utd,1,0,0,0,339,0.0,0.2,2.9,0.00,0.01,0.01,344,535,0.0,False,,,1.0,352,0.0,0.02,1125,1155,14,1,613,2.0,2.0,4.0,2.0,2.0,2.0,5.0,3.0,5.0,2.0,2.0,3.0,5.0,2.0,2.0,3.0,2.0,4.0,2.0,2.0,5.0,2.0,2.0,5.0,4.0,2.0,3.0,3.0,2.0,4.0,3.0,12.0,0.0,Toby Collyer
648,Ethan,Wheatley,FWD,45,Man Utd,0,0,0,0,606,0.0,0.0,0.0,0.00,0.00,0.00,598,570,0.0,False,,,0.0,602,0.0,0.0,1125,1155,14,1,648,2.0,2.0,4.0,2.0,2.0,2.0,5.0,3.0,5.0,2.0,2.0,3.0,5.0,2.0,2.0,3.0,2.0,4.0,2.0,2.0,5.0,2.0,2.0,5.0,4.0,2.0,3.0,3.0,2.0,4.0,3.0,12.0,0.0,Ethan Wheatley
652,Manuel,Ugarte,MID,50,Man Utd,3,0,0,0,374,0.1,0.6,2.4,0.00,0.00,0.00,321,284,0.7,False,Muscle injury - 75% chance of playing,75.0,1.0,365,0.0,0.0,1125,1155,14,1,652,2.0,2.0,4.0,2.0,2.0,2.0,5.0,3.0,5.0,2.0,2.0,3.0,5.0,2.0,2.0,3.0,2.0,4.0,2.0,2.0,5.0,2.0,2.0,5.0,4.0,2.0,3.0,3.0,2.0,4.0,3.0,12.0,0.058,Manuel Ugarte
390,Alex,Murphy,DEF,40,Newcastle,0,0,0,0,495,0.0,0.0,0.0,0.00,0.00,0.00,487,428,0.0,False,,,0.0,491,0.0,0.0,1115,1220,15,4,390,2.0,4.0,5.0,2.0,2.0,2.0,5.0,3.0,2.0,2.0,3.0,3.0,4.0,2.0,2.0,2.0,2.0,5.0,3.0,5.0,2.0,2.0,2.0,2.0,3.0,4.0,2.0,3.0,4.0,5.0,2.0,15.0,0.0,Alex Murphy
391,Miguel,Almirón Rejala,MID,56,Newcastle,3,0,0,0,389,0.1,0.5,2.9,0.19,0.13,0.32,396,347,0.3,False,,,1.0,354,0.57,0.39,1115,1220,15,4,391,2.0,4.0,5.0,2.0,2.0,2.0,5.0,3.0,2.0,2.0,3.0,3.0,4.0,2.0,2.0,2.0,2.0,5.0,3.0,5.0,2.0,2.0,2.0,2.0,3.0,4.0,2.0,3.0,4.0,5.0,2.0,15.0,0.02,Miguel Almirón Rejala
392,Harvey,Barnes,MID,65,Newcastle,38,3,1,1,23,0.8,5.8,38.1,1.27,0.72,1.99,55,43,5.0,False,,,5.4,47,0.3,0.17,1115,1220,15,4,392,2.0,4.0,5.0,2.0,2.0,2.0,5.0,3.0,2.0,2.0,3.0,3.0,4.0,2.0,2.0,2.0,2.0,5.0,3.0,5.0,2.0,2.0,2.0,2.0,3.0,4.0,2.0,3.0,4.0,5.0,2.0,15.0,0.333,Harvey Barnes
393,Sven,Botman,DEF,44,Newcastle,0,0,0,0,525,0.0,0.0,0.0,0.00,0.00,0.00,517,478,0.0,False,Knee injury - Expected back 28 Dec,0.0,0.0,521,0.0,0.0,1115,1220,15,4,393,2.0,4.0,5.0,2.0,2.0,2.0,5.0,3.0,2.0,2.0,3.0,3.0,4.0,2.0,2.0,2.0,2.0,5.0,3.0,5.0,2.0,2.0,2.0,2.0,3.0,4.0,2.0,3.0,4.0,5.0,2.0,15.0,0.0,Sven Botman
394,Bruno,Guimarães Rodriguez Moura,MID,63,Newcastle,19,0,1,2,140,0.3,3.0,23.2,0.44,0.67,1.11,100,160,2.0,False,,,2.7,121,0.06,0.1,1115,1220,15,4,394,2.0,4.0,5.0,2.0,2.0,2.0,5.0,3.0,2.0,2.0,3.0,3.0,4.0,2.0,2.0,2.0,2.0,5.0,3.0,5.0,2.0,2.0,2.0,2.0,3.0,4.0,2.0,3.0,4.0,5.0,2.0,15.0,0.133,Bruno Guimarães Rodriguez Moura
395,Dan,Burn,DEF,44,Newcastle,18,0,0,2,145,0.8,4.1,20.9,0.41,0.12,0.53,92,69,3.7,False,,,2.6,147,0.06,0.02,1115,1220,15,4,395,2.0,4.0,5.0,2.0,2.0,2.0,5.0,3.0,2.0,2.0,3.0,3.0,4.0,2.0,2.0,2.0,2.0,5.0,3.0,5.0,2.0,2.0,2.0,2.0,3.0,4.0,2.0,3.0,4.0,5.0,2.0,15.0,0.247,Dan Burn
396,Martin,Dúbravka,GK,43,Newcastle,0,0,0,0,504,0.0,0.0,0.0,0.00,0.00,0.00,497,441,0.0,False,Knee injury - 50% chance of playing,50.0,0.0,501,0.0,0.0,1115,1220,15,4,396,2.0,4.0,5.0,2.0,2.0,2.0,5.0,3.0,2.0,2.0,3.0,3.0,4.0,2.0,2.0,2.0,2.0,5.0,3.0,5.0,2.0,2.0,2.0,2.0,3.0,4.0,2.0,3.0,4.0,5.0,2.0,15.0,0.0,Martin Dúbravka
398,Anthony,Gordon,MID,73,Newcastle,29,2,0,2,52,0.5,4.0,50.6,2.98,1.21,4.19,81,67,4.0,False,,,4.1,23,0.45,0.18,1115,1220,15,4,398,2.0,4.0,5.0,2.0,2.0,2.0,5.0,3.0,2.0,2.0,3.0,3.0,4.0,2.0,2.0,2.0,2.0,5.0,3.0,5.0,2.0,2.0,2.0,2.0,3.0,4.0,2.0,3.0,4.0,5.0,2.0,15.0,0.267,Anthony Gordon
399,Lewis,Hall,DEF,43,Newcastle,17,0,0,2,163,0.6,4.0,21.4,0.00,0.41,0.41,128,111,2.7,False,,,2.4,137,0.0,0.09,1115,1220,15,4,399,2.0,4.0,5.0,2.0,2.0,2.0,5.0,3.0,2.0,2.0,3.0,3.0,4.0,2.0,2.0,2.0,2.0,5.0,3.0,5.0,2.0,2.0,2.0,2.0,3.0,4.0,2.0,3.0,4.0,5.0,2.0,15.0,0.18,Lewis Hall
400,Isaac,Hayden,MID,45,Newcastle,0,0,0,0,546,0.0,0.0,0.0,0.00,0.00,0.00,538,504,0.0,False,,,0.0,542,0.0,0.0,1115,1220,15,4,400,2.0,4.0,5.0,2.0,2.0,2.0,5.0,3.0,2.0,2.0,3.0,3.0,4.0,2.0,2.0,2.0,2.0,5.0,3.0,5.0,2.0,2.0,2.0,2.0,3.0,4.0,2.0,3.0,4.0,5.0,2.0,15.0,0.0,Isaac Hayden
401,Alexander,Isak,FWD,83,Newcastle,19,1,1,1,63,0.1,2.3,24.4,1.41,0.30,1.71,176,304,0.7,False,Toe Injury - 50% chance of playing,50.0,3.8,113,0.31,0.07,1115,1220,15,4,401,2.0,4.0,5.0,2.0,2.0,2.0,5.0,3.0,2.0,2.0,3.0,3.0,4.0,2.0,2.0,2.0,2.0,5.0,3.0,5.0,2.0,2.0,2.0,2.0,3.0,4.0,2.0,3.0,4.0,5.0,2.0,15.0,0.047,Alexander Isak
402,Jacob,Murphy,MID,52,Newcastle,16,0,2,1,174,0.6,3.1,23.3,0.27,1.17,1.44,172,103,3.0,False,,,2.3,118,0.06,0.26,1115,1220,15,4,402,2.0,4.0,5.0,2.0,2.0,2.0,5.0,3.0,2.0,2.0,3.0,3.0,4.0,2.0,2.0,2.0,2.0,5.0,3.0,5.0,2.0,2.0,2.0,2.0,3.0,4.0,2.0,3.0,4.0,5.0,2.0,15.0,0.2,Jacob Murphy
403,Joelinton Cássio,Apolinário de Lira,MID,60,Newcastle,19,1,0,2,139,0.3,3.2,33.4,0.90,0.28,1.18,112,159,2.0,False,,,2.7,60,0.14,0.04,1115,1220,15,4,403,2.0,4.0,5.0,2.0,2.0,2.0,5.0,3.0,2.0,2.0,3.0,3.0,4.0,2.0,2.0,2.0,2.0,5.0,3.0,5.0,2.0,2.0,2.0,2.0,3.0,4.0,2.0,3.0,4.0,5.0,2.0,15.0,0.133,Joelinton Cássio Apolinário de Lira
404,Lloyd,Kelly,DEF,44,Newcastle,8,0,1,0,249,0.0,1.8,7.9,0.19,0.10,0.29,216,484,0.0,False,,,1.6,278,0.08,0.04,1115,1220,15,4,404,2.0,4.0,5.0,2.0,2.0,2.0,5.0,3.0,2.0,2.0,3.0,3.0,4.0,2.0,2.0,2.0,2.0,5.0,3.0,5.0,2.0,2.0,2.0,2.0,3.0,4.0,2.0,3.0,4.0,5.0,2.0,15.0,0.0,Lloyd Kelly
405,Emil,Krafth,DEF,44,Newcastle,10,0,0,1,90,0.0,2.3,6.6,0.04,0.03,0.07,248,470,0.0,False,,100.0,3.3,296,0.02,0.01,1115,1220,15,4,405,2.0,4.0,5.0,2.0,2.0,2.0,5.0,3.0,2.0,2.0,3.0,3.0,4.0,2.0,2.0,2.0,2.0,5.0,3.0,5.0,2.0,2.0,2.0,2.0,3.0,4.0,2.0,3.0,4.0,5.0,2.0,15.0,0.0,Emil Krafth
406,Garang,Kuol,MID,45,Newcastle,0,0,0,0,601,0.0,0.0,0.0,0.00,0.00,0.00,593,565,0.0,False,,,0.0,597,0.0,0.0,1115,1220,15,4,406,2.0,4.0,5.0,2.0,2.0,2.0,5.0,3.0,2.0,2.0,3.0,3.0,4.0,2.0,2.0,2.0,2.0,5.0,3.0,5.0,2.0,2.0,2.0,2.0,3.0,4.0,2.0,3.0,4.0,5.0,2.0,15.0,0.0,Garang Kuol
407,Jamaal,Lascelles,DEF,45,Newcastle,0,0,0,0,543,0.0,0.0,0.0,0.00,0.00,0.00,535,501,0.0,False,Knee injury - Expected back 28 Dec,0.0,0.0,539,0.0,0.0,1115,1220,15,4,407,2.0,4.0,5.0,2.0,2.0,2.0,5.0,3.0,2.0,2.0,3.0,3.0,4.0,2.0,2.0,2.0,2.0,5.0,3.0,5.0,2.0,2.0,2.0,2.0,3.0,4.0,2.0,3.0,4.0,5.0,2.0,15.0,0.0,Jamaal Lascelles
408,Jamal,Lewis,DEF,40,Newcastle,0,0,0,0,451,0.0,0.0,0.0,0.00,0.00,0.00,443,381,0.0,False,Loaned to  Sao Paulo,0.0,0.0,447,0.0,0.0,1115,1220,15,4,408,2.0,4.0,5.0,2.0,2.0,2.0,5.0,3.0,2.0,2.0,3.0,3.0,4.0,2.0,2.0,2.0,2.0,5.0,3.0,5.0,2.0,2.0,2.0,2.0,3.0,4.0,2.0,3.0,4.0,5.0,2.0,15.0,0.0,Jamal Lewis
409,Tino,Livramento,DEF,45,Newcastle,15,0,0,1,196,0.2,3.3,10.8,0.00,0.02,0.02,171,232,1.0,False,,,2.1,248,0.0,0.01,1115,1220,15,4,409,2.0,4.0,5.0,2.0,2.0,2.0,5.0,3.0,2.0,2.0,3.0,3.0,4.0,2.0,2.0,2.0,2.0,5.0,3.0,5.0,2.0,2.0,2.0,2.0,3.0,4.0,2.0,3.0,4.0,5.0,2.0,15.0,0.067,Tino Livramento
410,Sean,Longstaff,MID,48,Newcastle,9,0,0,1,267,0.1,1.9,6.6,0.21,0.04,0.25,283,275,0.7,False,,,1.5,297,0.06,0.01,1115,1220,15,4,410,2.0,4.0,5.0,2.0,2.0,2.0,5.0,3.0,2.0,2.0,3.0,3.0,4.0,2.0,2.0,2.0,2.0,5.0,3.0,5.0,2.0,2.0,2.0,2.0,3.0,4.0,2.0,3.0,4.0,5.0,2.0,15.0,0.047,Sean Longstaff
411,Lewis,Miley,MID,50,Newcastle,0,0,0,0,646,0.0,0.0,0.0,0.00,0.00,0.00,643,633,0.0,False,Foot injury - 50% chance of playing,50.0,0.0,646,0.0,0.0,1115,1220,15,4,411,2.0,4.0,5.0,2.0,2.0,2.0,5.0,3.0,2.0,2.0,3.0,3.0,4.0,2.0,2.0,2.0,2.0,5.0,3.0,5.0,2.0,2.0,2.0,2.0,3.0,4.0,2.0,3.0,4.0,5.0,2.0,15.0,0.0,Lewis Miley
412,Odysseas,Vlachodimos,GK,44,Newcastle,0,0,0,0,521,0.0,0.0,0.0,0.00,0.00,0.00,513,469,0.0,False,,,0.0,517,0.0,0.0,1115,1220,15,4,412,2.0,4.0,5.0,2.0,2.0,2.0,5.0,3.0,2.0,2.0,3.0,3.0,4.0,2.0,2.0,2.0,2.0,5.0,3.0,5.0,2.0,2.0,2.0,2.0,3.0,4.0,2.0,3.0,4.0,5.0,2.0,15.0,0.0,Odysseas Vlachodimos
413,Nick,Pope,GK,50,Newcastle,31,0,0,2,40,0.8,6.2,22.4,0.00,0.00,0.00,12,59,4.0,False,,100.0,4.4,129,0.0,0.0,1115,1220,15,4,413,2.0,4.0,5.0,2.0,2.0,2.0,5.0,3.0,2.0,2.0,3.0,3.0,4.0,2.0,2.0,2.0,2.0,5.0,3.0,5.0,2.0,2.0,2.0,2.0,3.0,4.0,2.0,3.0,4.0,5.0,2.0,15.0,0.267,Nick Pope
414,John,Ruddy,GK,40,Newcastle,0,0,0,0,434,0.0,0.0,0.0,0.00,0.00,0.00,426,360,0.0,False,,,0.0,430,0.0,0.0,1115,1220,15,4,414,2.0,4.0,5.0,2.0,2.0,2.0,5.0,3.0,2.0,2.0,3.0,3.0,4.0,2.0,2.0,2.0,2.0,5.0,3.0,5.0,2.0,2.0,2.0,2.0,3.0,4.0,2.0,3.0,4.0,5.0,2.0,15.0,0.0,John Ruddy
415,Fabian,Schär,DEF,54,Newcastle,13,1,0,1,155,0.4,2.4,12.4,0.62,0.26,0.88,162,137,2.3,False,,100.0,2.6,235,0.14,0.06,1115,1220,15,4,415,2.0,4.0,5.0,2.0,2.0,2.0,5.0,3.0,2.0,2.0,3.0,3.0,4.0,2.0,2.0,2.0,2.0,5.0,3.0,5.0,2.0,2.0,2.0,2.0,3.0,4.0,2.0,3.0,4.0,5.0,2.0,15.0,0.153,Fabian Schär
416,Matt,Targett,DEF,40,Newcastle,0,0,0,0,446,0.0,0.0,0.0,0.00,0.00,0.00,437,375,0.0,False,Lack of match fitness - 50% chance of playing,50.0,0.0,441,0.0,0.0,1115,1220,15,4,416,2.0,4.0,5.0,2.0,2.0,2.0,5.0,3.0,2.0,2.0,3.0,3.0,4.0,2.0,2.0,2.0,2.0,5.0,3.0,5.0,2.0,2.0,2.0,2.0,3.0,4.0,2.0,3.0,4.0,5.0,2.0,15.0,0.0,Matt Targett
417,Sandro,Tonali,MID,55,Newcastle,7,0,0,1,283,0.3,1.3,13.5,0.71,0.18,0.89,279,183,1.7,False,,100.0,1.4,220,0.28,0.07,1115,1220,15,4,417,2.0,4.0,5.0,2.0,2.0,2.0,5.0,3.0,2.0,2.0,3.0,3.0,4.0,2.0,2.0,2.0,2.0,5.0,3.0,5.0,2.0,2.0,2.0,2.0,3.0,4.0,2.0,3.0,4.0,5.0,2.0,15.0,0.113,Sandro Tonali
418,Kieran,Trippier,DEF,57,Newcastle,13,0,0,1,157,0.6,2.3,12.1,0.03,0.22,0.25,247,73,3.7,False,Muscle injury - 75% chance of playing,75.0,2.6,236,0.01,0.07,1115,1220,15,4,418,2.0,4.0,5.0,2.0,2.0,2.0,5.0,3.0,2.0,2.0,3.0,3.0,4.0,2.0,2.0,2.0,2.0,5.0,3.0,5.0,2.0,2.0,2.0,2.0,3.0,4.0,2.0,3.0,4.0,5.0,2.0,15.0,0.247,Kieran Trippier
419,Joe,White,MID,45,Newcastle,0,0,0,0,564,0.0,0.0,0.0,0.00,0.00,0.00,556,524,0.0,False,Loaned to MK Dons,0.0,0.0,560,0.0,0.0,1115,1220,15,4,419,2.0,4.0,5.0,2.0,2.0,2.0,5.0,3.0,2.0,2.0,3.0,3.0,4.0,2.0,2.0,2.0,2.0,5.0,3.0,5.0,2.0,2.0,2.0,2.0,3.0,4.0,2.0,3.0,4.0,5.0,2.0,15.0,0.0,Joe White
420,Joe,Willock,MID,48,Newcastle,8,0,1,0,253,0.2,1.7,12.5,0.16,0.12,0.28,270,235,1.0,False,,100.0,1.6,234,0.1,0.08,1115,1220,15,4,420,2.0,4.0,5.0,2.0,2.0,2.0,5.0,3.0,2.0,2.0,3.0,3.0,4.0,2.0,2.0,2.0,2.0,5.0,3.0,5.0,2.0,2.0,2.0,2.0,3.0,4.0,2.0,3.0,4.0,5.0,2.0,15.0,0.067,Joe Willock
421,Callum,Wilson,FWD,69,Newcastle,0,0,0,0,664,0.0,0.0,0.0,0.00,0.00,0.00,663,662,0.0,False,Back injury - 50% chance of playing,50.0,0.0,664,0.0,0.0,1115,1220,15,4,421,2.0,4.0,5.0,2.0,2.0,2.0,5.0,3.0,2.0,2.0,3.0,3.0,4.0,2.0,2.0,2.0,2.0,5.0,3.0,5.0,2.0,2.0,2.0,2.0,3.0,4.0,2.0,3.0,4.0,5.0,2.0,15.0,0.0,Callum Wilson
574,Miodrag,Pivaš,DEF,40,Newcastle,0,0,0,0,499,0.0,0.0,0.0,0.00,0.00,0.00,491,432,0.0,False,Loaned to Willem II,0.0,0.0,495,0.0,0.0,1115,1220,15,4,574,2.0,4.0,5.0,2.0,2.0,2.0,5.0,3.0,2.0,2.0,3.0,3.0,4.0,2.0,2.0,2.0,2.0,5.0,3.0,5.0,2.0,2.0,2.0,2.0,3.0,4.0,2.0,3.0,4.0,5.0,2.0,15.0,0.0,Miodrag Pivaš
590,William,Osula,FWD,50,Newcastle,1,0,0,0,377,0.1,0.2,0.1,0.00,0.00,0.00,413,341,0.3,False,,,1.0,425,0.0,0.0,1115,1220,15,4,590,2.0,4.0,5.0,2.0,2.0,2.0,5.0,3.0,2.0,2.0,3.0,3.0,4.0,2.0,2.0,2.0,2.0,5.0,3.0,5.0,2.0,2.0,2.0,2.0,3.0,4.0,2.0,3.0,4.0,5.0,2.0,15.0,0.02,William Osula
26,Álex,Moreno Lopera,DEF,44,Nott'm Forest,10,0,0,1,161,0.3,2.3,6.0,0.06,0.10,0.16,254,192,1.3,False,,,2.5,303,0.02,0.03,1130,1100,16,17,26,2.0,2.0,2.0,3.0,5.0,2.0,5.0,3.0,3.0,3.0,4.0,2.0,2.0,5.0,2.0,3.0,2.0,3.0,4.0,5.0,5.0,2.0,3.0,4.0,2.0,4.0,2.0,2.0,2.0,2.0,4.0,14.0,0.093,Álex Moreno Lopera
422,Ola,Aina,DEF,45,Nott'm Forest,24,0,0,2,82,0.3,5.3,19.0,0.04,0.63,0.67,113,195,1.3,False,,100.0,3.4,157,0.01,0.1,1130,1100,16,17,422,2.0,2.0,2.0,3.0,5.0,2.0,5.0,3.0,3.0,3.0,4.0,2.0,2.0,5.0,2.0,3.0,2.0,3.0,4.0,5.0,5.0,2.0,3.0,4.0,2.0,4.0,2.0,2.0,2.0,2.0,4.0,14.0,0.093,Ola Aina
423,Elliot,Anderson,MID,50,Nott'm Forest,17,0,1,2,168,0.3,3.4,23.4,0.21,0.17,0.38,133,210,1.3,False,,,2.4,117,0.04,0.04,1130,1100,16,17,423,2.0,2.0,2.0,3.0,5.0,2.0,5.0,3.0,3.0,3.0,4.0,2.0,2.0,5.0,2.0,3.0,2.0,3.0,4.0,5.0,5.0,2.0,3.0,4.0,2.0,4.0,2.0,2.0,2.0,2.0,4.0,14.0,0.093,Elliot Anderson
424,Taiwo,Awoniyi,FWD,57,Nott'm Forest,4,0,0,0,390,0.1,0.7,4.2,0.28,0.04,0.32,374,348,0.3,False,,,1.0,330,0.32,0.05,1130,1100,16,17,424,2.0,2.0,2.0,3.0,5.0,2.0,5.0,3.0,3.0,3.0,4.0,2.0,2.0,5.0,2.0,3.0,2.0,3.0,4.0,5.0,5.0,2.0,3.0,4.0,2.0,4.0,2.0,2.0,2.0,2.0,4.0,14.0,0.021,Taiwo Awoniyi
425,Willy,Boly,DEF,43,Nott'm Forest,3,0,0,0,260,0.0,0.7,4.9,0.07,0.00,0.07,284,443,0.0,False,,100.0,1.5,319,0.07,0.0,1130,1100,16,17,425,2.0,2.0,2.0,3.0,5.0,2.0,5.0,3.0,3.0,3.0,4.0,2.0,2.0,5.0,2.0,3.0,2.0,3.0,4.0,5.0,5.0,2.0,3.0,4.0,2.0,4.0,2.0,2.0,2.0,2.0,4.0,14.0,0.0,Willy Boly
426,Josh,Bowler,MID,45,Nott'm Forest,0,0,0,0,555,0.0,0.0,0.0,0.00,0.00,0.00,547,515,0.0,False,Loaned to  Preston North End,0.0,0.0,551,0.0,0.0,1130,1100,16,17,426,2.0,2.0,2.0,3.0,5.0,2.0,5.0,3.0,3.0,3.0,4.0,2.0,2.0,5.0,2.0,3.0,2.0,3.0,4.0,5.0,5.0,2.0,3.0,4.0,2.0,4.0,2.0,2.0,2.0,2.0,4.0,14.0,0.0,Josh Bowler
427,Carlos Miguel,dos Santos Pereira,GK,43,Nott'm Forest,0,0,0,0,514,0.0,0.0,0.0,0.00,0.00,0.00,506,455,0.0,False,,,0.0,510,0.0,0.0,1130,1100,16,17,427,2.0,2.0,2.0,3.0,5.0,2.0,5.0,3.0,3.0,3.0,4.0,2.0,2.0,5.0,2.0,3.0,2.0,3.0,4.0,5.0,5.0,2.0,3.0,4.0,2.0,4.0,2.0,2.0,2.0,2.0,4.0,14.0,0.0,Carlos Miguel dos Santos Pereira
428,Eric,da Silva Moreira,MID,45,Nott'm Forest,0,0,0,0,602,0.0,0.0,0.0,0.00,0.00,0.00,594,566,0.0,False,,,0.0,598,0.0,0.0,1130,1100,16,17,428,2.0,2.0,2.0,3.0,5.0,2.0,5.0,3.0,3.0,3.0,4.0,2.0,2.0,5.0,2.0,3.0,2.0,3.0,4.0,5.0,5.0,2.0,3.0,4.0,2.0,4.0,2.0,2.0,2.0,2.0,4.0,14.0,0.0,Eric da Silva Moreira
429,Danilo,dos Santos de Oliveira,MID,48,Nott'm Forest,1,0,0,0,360,0.0,0.2,0.0,0.00,0.00,0.00,610,589,0.0,False,Ankle injury - Unknown return date,0.0,1.0,613,0.0,0.0,1130,1100,16,17,429,2.0,2.0,2.0,3.0,5.0,2.0,5.0,3.0,3.0,3.0,4.0,2.0,2.0,5.0,2.0,3.0,2.0,3.0,4.0,5.0,5.0,2.0,3.0,4.0,2.0,4.0,2.0,2.0,2.0,2.0,4.0,14.0,0.0,Danilo dos Santos de Oliveira
430,Emmanuel,Dennis,FWD,49,Nott'm Forest,0,0,0,0,626,0.0,0.0,0.0,0.00,0.00,0.00,620,601,0.0,False,,,0.0,623,0.0,0.0,1130,1100,16,17,430,2.0,2.0,2.0,3.0,5.0,2.0,5.0,3.0,3.0,3.0,4.0,2.0,2.0,5.0,2.0,3.0,2.0,3.0,4.0,5.0,5.0,2.0,3.0,4.0,2.0,4.0,2.0,2.0,2.0,2.0,4.0,14.0,0.0,Emmanuel Dennis
431,Nicolás,Domínguez,MID,48,Nott'm Forest,4,0,0,0,406,0.1,0.8,5.6,0.15,0.10,0.25,297,277,0.7,False,,,0.8,308,0.08,0.05,1130,1100,16,17,431,2.0,2.0,2.0,3.0,5.0,2.0,5.0,3.0,3.0,3.0,4.0,2.0,2.0,5.0,2.0,3.0,2.0,3.0,4.0,5.0,5.0,2.0,3.0,4.0,2.0,4.0,2.0,2.0,2.0,2.0,4.0,14.0,0.05,Nicolás Domínguez
432,Anthony,Elanga,MID,52,Nott'm Forest,12,0,1,1,244,0.2,2.3,24.9,0.56,0.49,1.05,229,245,1.0,False,,100.0,1.7,105,0.14,0.12,1130,1100,16,17,432,2.0,2.0,2.0,3.0,5.0,2.0,5.0,3.0,3.0,3.0,4.0,2.0,2.0,5.0,2.0,3.0,2.0,3.0,4.0,5.0,5.0,2.0,3.0,4.0,2.0,4.0,2.0,2.0,2.0,2.0,4.0,14.0,0.071,Anthony Elanga
433,Morgan,Gibbs-White,MID,63,Nott'm Forest,17,1,0,2,135,0.0,2.7,42.2,0.87,0.88,1.75,141,354,0.3,False,Ankle injury - 75% chance of playing,75.0,2.8,32,0.15,0.16,1130,1100,16,17,433,2.0,2.0,2.0,3.0,5.0,2.0,5.0,3.0,3.0,3.0,4.0,2.0,2.0,5.0,2.0,3.0,2.0,3.0,4.0,5.0,5.0,2.0,3.0,4.0,2.0,4.0,2.0,2.0,2.0,2.0,4.0,14.0,0.021,Morgan Gibbs-White
434,Callum,Hudson-Odoi,MID,54,Nott'm Forest,22,1,1,2,105,0.4,4.1,36.6,0.59,0.84,1.43,147,138,2.3,False,,,3.1,51,0.11,0.16,1130,1100,16,17,434,2.0,2.0,2.0,3.0,5.0,2.0,5.0,3.0,3.0,3.0,4.0,2.0,2.0,5.0,2.0,3.0,2.0,3.0,4.0,5.0,5.0,2.0,3.0,4.0,2.0,4.0,2.0,2.0,2.0,2.0,4.0,14.0,0.164,Callum Hudson-Odoi
435,Alex,Mighten,MID,45,Nott'm Forest,0,0,0,0,554,0.0,0.0,0.0,0.00,0.00,0.00,546,514,0.0,False,Season long loan to Port Vale,0.0,0.0,550,0.0,0.0,1130,1100,16,17,435,2.0,2.0,2.0,3.0,5.0,2.0,5.0,3.0,3.0,3.0,4.0,2.0,2.0,5.0,2.0,3.0,2.0,3.0,4.0,5.0,5.0,2.0,3.0,4.0,2.0,4.0,2.0,2.0,2.0,2.0,4.0,14.0,0.0,Alex Mighten
436,Murillo,Santiago Costa dos Santos,DEF,45,Nott'm Forest,21,0,0,2,119,0.3,4.7,21.3,0.06,0.28,0.34,65,199,1.3,False,,,3.0,141,0.01,0.04,1130,1100,16,17,436,2.0,2.0,2.0,3.0,5.0,2.0,5.0,3.0,3.0,3.0,4.0,2.0,2.0,5.0,2.0,3.0,2.0,3.0,4.0,5.0,5.0,2.0,3.0,4.0,2.0,4.0,2.0,2.0,2.0,2.0,4.0,14.0,0.093,Murillo Santiago Costa dos Santos
437,Neco,Williams,DEF,45,Nott'm Forest,11,0,0,1,250,0.1,2.4,19.0,0.59,0.18,0.77,193,316,0.3,False,,,1.6,158,0.16,0.05,1130,1100,16,17,437,2.0,2.0,2.0,3.0,5.0,2.0,5.0,3.0,3.0,3.0,4.0,2.0,2.0,5.0,2.0,3.0,2.0,3.0,4.0,5.0,5.0,2.0,3.0,4.0,2.0,4.0,2.0,2.0,2.0,2.0,4.0,14.0,0.021,Neco Williams
438,Omar,Richards,DEF,45,Nott'm Forest,0,0,0,0,549,0.0,0.0,0.0,0.00,0.00,0.00,541,507,0.0,False,Loaned to Rio Ave,0.0,0.0,545,0.0,0.0,1130,1100,16,17,438,2.0,2.0,2.0,3.0,5.0,2.0,5.0,3.0,3.0,3.0,4.0,2.0,2.0,5.0,2.0,3.0,2.0,3.0,4.0,5.0,5.0,2.0,3.0,4.0,2.0,4.0,2.0,2.0,2.0,2.0,4.0,14.0,0.0,Omar Richards
439,Lewis,O'Brien,MID,50,Nott'm Forest,0,0,0,0,634,0.0,0.0,0.0,0.00,0.00,0.00,630,618,0.0,False,On loan to Los Angeles Football Club for the rest of the season,0.0,0.0,633,0.0,0.0,1130,1100,16,17,439,2.0,2.0,2.0,3.0,5.0,2.0,5.0,3.0,3.0,3.0,4.0,2.0,2.0,5.0,2.0,3.0,2.0,3.0,4.0,5.0,5.0,2.0,3.0,4.0,2.0,4.0,2.0,2.0,2.0,2.0,4.0,14.0,0.0,Lewis O'Brien
440,Andrew,Omobamidele,DEF,43,Nott'm Forest,0,0,0,0,513,0.0,0.0,0.0,0.00,0.00,0.00,505,454,0.0,False,,,0.0,509,0.0,0.0,1130,1100,16,17,440,2.0,2.0,2.0,3.0,5.0,2.0,5.0,3.0,3.0,3.0,4.0,2.0,2.0,5.0,2.0,3.0,2.0,3.0,4.0,5.0,5.0,2.0,3.0,4.0,2.0,4.0,2.0,2.0,2.0,2.0,4.0,14.0,0.0,Andrew Omobamidele
441,Jonathan,Panzo,DEF,40,Nott'm Forest,0,0,0,0,455,0.0,0.0,0.0,0.00,0.00,0.00,447,385,0.0,False,On a season long loan to Rio Ave,0.0,0.0,451,0.0,0.0,1130,1100,16,17,441,2.0,2.0,2.0,3.0,5.0,2.0,5.0,3.0,3.0,3.0,4.0,2.0,2.0,5.0,2.0,3.0,2.0,3.0,4.0,5.0,5.0,2.0,3.0,4.0,2.0,4.0,2.0,2.0,2.0,2.0,4.0,14.0,0.0,Jonathan Panzo
442,Ibrahim,Sangaré,MID,44,Nott'm Forest,4,0,0,1,285,0.0,0.9,7.4,0.02,0.06,0.08,271,476,0.0,False,Hamstring injury - Expected back 23 Nov,0.0,1.3,286,0.01,0.03,1130,1100,16,17,442,2.0,2.0,2.0,3.0,5.0,2.0,5.0,3.0,3.0,3.0,4.0,2.0,2.0,5.0,2.0,3.0,2.0,3.0,4.0,5.0,5.0,2.0,3.0,4.0,2.0,4.0,2.0,2.0,2.0,2.0,4.0,14.0,0.0,Ibrahim Sangaré
443,Matz,Sels,GK,45,Nott'm Forest,26,0,0,2,65,0.4,5.8,15.1,0.00,0.04,0.04,52,148,2.0,False,Knock - 75% chance of playing,75.0,3.7,200,0.0,0.01,1130,1100,16,17,443,2.0,2.0,2.0,3.0,5.0,2.0,5.0,3.0,3.0,3.0,4.0,2.0,2.0,5.0,2.0,3.0,2.0,3.0,4.0,5.0,5.0,2.0,3.0,4.0,2.0,4.0,2.0,2.0,2.0,2.0,4.0,14.0,0.143,Matz Sels
444,Harry,Toffolo,DEF,43,Nott'm Forest,1,0,0,0,329,0.0,0.2,1.9,0.02,0.01,0.03,363,445,0.0,False,,,1.0,377,0.05,0.02,1130,1100,16,17,444,2.0,2.0,2.0,3.0,5.0,2.0,5.0,3.0,3.0,3.0,4.0,2.0,2.0,5.0,2.0,3.0,2.0,3.0,4.0,5.0,5.0,2.0,3.0,4.0,2.0,4.0,2.0,2.0,2.0,2.0,4.0,14.0,0.0,Harry Toffolo
446,Hwang,Ui-jo,FWD,45,Nott'm Forest,0,0,0,0,547,0.0,0.0,0.0,0.00,0.00,0.00,539,505,0.0,False,Transferred to Alanyaspor,0.0,0.0,543,0.0,0.0,1130,1100,16,17,446,2.0,2.0,2.0,3.0,5.0,2.0,5.0,3.0,3.0,3.0,4.0,2.0,2.0,5.0,2.0,3.0,2.0,3.0,4.0,5.0,5.0,2.0,3.0,4.0,2.0,4.0,2.0,2.0,2.0,2.0,4.0,14.0,0.0,Hwang Ui-jo
447,Chris,Wood,FWD,62,Nott'm Forest,39,4,0,3,20,1.0,6.3,39.8,2.50,0.15,2.65,45,25,6.0,False,,,5.6,37,0.4,0.02,1130,1100,16,17,447,2.0,2.0,2.0,3.0,5.0,2.0,5.0,3.0,3.0,3.0,4.0,2.0,2.0,5.0,2.0,3.0,2.0,3.0,4.0,5.0,5.0,2.0,3.0,4.0,2.0,4.0,2.0,2.0,2.0,2.0,4.0,14.0,0.429,Chris Wood
448,Joe,Worrall,DEF,45,Nott'm Forest,0,0,0,0,550,0.0,0.0,0.0,0.00,0.00,0.00,542,508,0.0,False,Transferred to Burnley,0.0,0.0,546,0.0,0.0,1130,1100,16,17,448,2.0,2.0,2.0,3.0,5.0,2.0,5.0,3.0,3.0,3.0,4.0,2.0,2.0,5.0,2.0,3.0,2.0,3.0,4.0,5.0,5.0,2.0,3.0,4.0,2.0,4.0,2.0,2.0,2.0,2.0,4.0,14.0,0.0,Joe Worrall
449,Ryan,Yates,MID,49,Nott'm Forest,15,0,1,1,198,0.3,3.1,20.3,0.46,0.21,0.67,209,204,1.3,False,,100.0,2.1,149,0.09,0.04,1130,1100,16,17,449,2.0,2.0,2.0,3.0,5.0,2.0,5.0,3.0,3.0,3.0,4.0,2.0,2.0,5.0,2.0,3.0,2.0,3.0,4.0,5.0,5.0,2.0,3.0,4.0,2.0,4.0,2.0,2.0,2.0,2.0,4.0,14.0,0.093,Ryan Yates
531,James,Ward-Prowse,MID,62,Nott'm Forest,6,0,0,1,310,0.1,1.0,7.0,0.06,0.21,0.27,286,298,0.7,False,Suspended until 25 Oct,0.0,1.2,290,0.02,0.06,1130,1100,16,17,531,2.0,2.0,2.0,3.0,5.0,2.0,5.0,3.0,3.0,3.0,4.0,2.0,2.0,5.0,2.0,3.0,2.0,3.0,4.0,5.0,5.0,2.0,3.0,4.0,2.0,4.0,2.0,2.0,2.0,2.0,4.0,14.0,0.05,James Ward-Prowse
573,Nikola,Milenković,DEF,45,Nott'm Forest,22,0,1,2,66,0.6,4.9,18.0,1.12,0.09,1.21,124,113,2.7,False,,,3.7,174,0.19,0.02,1130,1100,16,17,573,2.0,2.0,2.0,3.0,5.0,2.0,5.0,3.0,3.0,3.0,4.0,2.0,2.0,5.0,2.0,3.0,2.0,3.0,4.0,5.0,5.0,2.0,3.0,4.0,2.0,4.0,2.0,2.0,2.0,2.0,4.0,14.0,0.193,Nikola Milenković
596,João Pedro,Ferreira Silva,MID,59,Nott'm Forest,8,0,1,0,290,0.3,1.4,11.9,0.20,0.33,0.53,264,186,1.7,False,,,1.3,240,0.16,0.26,1130,1100,16,17,596,2.0,2.0,2.0,3.0,5.0,2.0,5.0,3.0,3.0,3.0,4.0,2.0,2.0,5.0,2.0,3.0,2.0,3.0,4.0,5.0,5.0,2.0,3.0,4.0,2.0,4.0,2.0,2.0,2.0,2.0,4.0,14.0,0.121,João Pedro Ferreira Silva
620,Ramón,Sosa,MID,55,Nott'm Forest,8,1,0,0,138,0.4,1.5,8.9,0.65,0.07,0.72,252,140,2.3,False,,,2.7,266,1.04,0.11,1130,1100,16,17,620,2.0,2.0,2.0,3.0,5.0,2.0,5.0,3.0,3.0,3.0,4.0,2.0,2.0,5.0,2.0,3.0,2.0,3.0,4.0,5.0,5.0,2.0,3.0,4.0,2.0,4.0,2.0,2.0,2.0,2.0,4.0,14.0,0.164,Ramón Sosa
653,Felipe,Rodrigues da Silva,DEF,45,Nott'm Forest,3,0,0,0,338,0.2,0.7,2.2,0.00,0.00,0.00,308,266,0.7,False,,,1.0,367,0.0,0.0,1130,1100,16,17,653,2.0,2.0,2.0,3.0,5.0,2.0,5.0,3.0,3.0,3.0,4.0,2.0,2.0,5.0,2.0,3.0,2.0,3.0,4.0,5.0,5.0,2.0,3.0,4.0,2.0,4.0,2.0,2.0,2.0,2.0,4.0,14.0,0.05,Felipe Rodrigues da Silva
14,Aaron,Ramsdale,GK,44,Southampton,12,0,0,0,164,0.5,2.7,16.1,0.00,0.01,0.01,44,130,2.3,False,,,2.4,191,0.0,0.0,1060,1065,17,20,14,2.0,5.0,2.0,2.0,5.0,3.0,4.0,4.0,4.0,3.0,2.0,2.0,2.0,3.0,2.0,3.0,2.0,2.0,2.0,4.0,5.0,2.0,2.0,4.0,3.0,2.0,2.0,2.0,5.0,2.0,5.0,16.0,0.144,Aaron Ramsdale
27,Cameron,Archer,FWD,50,Southampton,12,1,0,0,243,0.6,2.4,17.6,2.34,0.03,2.37,242,98,3.0,False,,,1.7,179,0.76,0.01,1060,1065,17,20,27,2.0,5.0,2.0,2.0,5.0,3.0,4.0,4.0,4.0,3.0,2.0,2.0,2.0,3.0,2.0,3.0,2.0,2.0,2.0,4.0,5.0,2.0,2.0,4.0,3.0,2.0,2.0,2.0,5.0,2.0,5.0,16.0,0.188,Cameron Archer
188,Lesley,Ugochukwu,MID,45,Southampton,4,0,0,0,287,0.2,0.9,4.7,0.21,0.05,0.26,338,268,0.7,False,,,1.3,322,0.14,0.03,1060,1065,17,20,188,2.0,5.0,2.0,2.0,5.0,3.0,4.0,4.0,4.0,3.0,2.0,2.0,2.0,3.0,2.0,3.0,2.0,2.0,2.0,4.0,5.0,2.0,2.0,4.0,3.0,2.0,2.0,2.0,5.0,2.0,5.0,16.0,0.044,Lesley Ugochukwu
397,Ryan,Fraser,MID,48,Southampton,3,0,0,0,351,0.1,0.6,2.6,0.02,0.00,0.02,329,274,0.7,False,,,1.0,361,0.01,0.0,1060,1065,17,20,397,2.0,5.0,2.0,2.0,5.0,3.0,4.0,4.0,4.0,3.0,2.0,2.0,2.0,3.0,2.0,3.0,2.0,2.0,2.0,4.0,5.0,2.0,2.0,4.0,3.0,2.0,2.0,2.0,5.0,2.0,5.0,16.0,0.044,Ryan Fraser
450,Carlos,Alcaraz Durán,MID,49,Southampton,1,0,0,0,371,0.0,0.2,4.3,0.07,0.03,0.10,373,612,0.0,False,Permanent transfer to Flamengo,0.0,1.0,327,0.7,0.3,1060,1065,17,20,450,2.0,5.0,2.0,2.0,5.0,3.0,4.0,4.0,4.0,3.0,2.0,2.0,2.0,3.0,2.0,3.0,2.0,2.0,2.0,4.0,5.0,2.0,2.0,4.0,3.0,2.0,2.0,2.0,5.0,2.0,5.0,16.0,0.0,Carlos Alcaraz Durán
451,Samuel,Amo-Ameyaw,MID,45,Southampton,1,0,0,0,342,0.0,0.2,2.5,0.02,0.13,0.15,391,547,0.0,False,,,1.0,362,0.2,1.3,1060,1065,17,20,451,2.0,5.0,2.0,2.0,5.0,3.0,4.0,4.0,4.0,3.0,2.0,2.0,2.0,3.0,2.0,3.0,2.0,2.0,2.0,4.0,5.0,2.0,2.0,4.0,3.0,2.0,2.0,2.0,5.0,2.0,5.0,16.0,0.0,Samuel Amo-Ameyaw
452,Joe,Aribo,MID,49,Southampton,10,0,0,0,239,0.3,2.0,14.6,0.59,0.51,1.10,236,203,1.3,False,,,1.7,206,0.15,0.13,1060,1065,17,20,452,2.0,5.0,2.0,2.0,5.0,3.0,4.0,4.0,4.0,3.0,2.0,2.0,2.0,3.0,2.0,3.0,2.0,2.0,2.0,4.0,5.0,2.0,2.0,4.0,3.0,2.0,2.0,2.0,5.0,2.0,5.0,16.0,0.081,Joe Aribo
453,Adam,Armstrong,FWD,52,Southampton,6,0,0,0,305,0.1,1.2,8.7,0.78,0.15,0.93,352,285,0.7,False,,,1.2,269,0.31,0.06,1060,1065,17,20,453,2.0,5.0,2.0,2.0,5.0,3.0,4.0,4.0,4.0,3.0,2.0,2.0,2.0,3.0,2.0,3.0,2.0,2.0,2.0,4.0,5.0,2.0,2.0,4.0,3.0,2.0,2.0,2.0,5.0,2.0,5.0,16.0,0.044,Adam Armstrong
454,Gavin,Bazunu,GK,44,Southampton,0,0,0,0,534,0.0,0.0,0.0,0.00,0.00,0.00,526,490,0.0,False,Achilles injury - Expected back 15 Feb,0.0,0.0,530,0.0,0.0,1060,1065,17,20,454,2.0,5.0,2.0,2.0,5.0,3.0,4.0,4.0,4.0,3.0,2.0,2.0,2.0,3.0,2.0,3.0,2.0,2.0,2.0,4.0,5.0,2.0,2.0,4.0,3.0,2.0,2.0,2.0,5.0,2.0,5.0,16.0,0.0,Gavin Bazunu
455,Jan,Bednarek,DEF,40,Southampton,8,0,0,0,312,0.2,2.0,22.6,0.00,0.09,0.09,23,226,1.0,False,,,1.1,124,0.0,0.01,1060,1065,17,20,455,2.0,5.0,2.0,2.0,5.0,3.0,4.0,4.0,4.0,3.0,2.0,2.0,2.0,3.0,2.0,3.0,2.0,2.0,2.0,4.0,5.0,2.0,2.0,4.0,3.0,2.0,2.0,2.0,5.0,2.0,5.0,16.0,0.062,Jan Bednarek
456,Armel,Bella-Kotchap,DEF,39,Southampton,0,0,0,0,432,0.0,0.0,0.0,0.00,0.00,0.00,424,358,0.0,False,,,0.0,428,0.0,0.0,1060,1065,17,20,456,2.0,5.0,2.0,2.0,5.0,3.0,4.0,4.0,4.0,3.0,2.0,2.0,2.0,3.0,2.0,3.0,2.0,2.0,2.0,4.0,5.0,2.0,2.0,4.0,3.0,2.0,2.0,2.0,5.0,2.0,5.0,16.0,0.0,Armel Bella-Kotchap
457,James,Bree,DEF,40,Southampton,0,0,0,0,449,0.0,0.0,0.0,0.00,0.00,0.00,440,378,0.0,False,,,0.0,444,0.0,0.0,1060,1065,17,20,457,2.0,5.0,2.0,2.0,5.0,3.0,4.0,4.0,4.0,3.0,2.0,2.0,2.0,3.0,2.0,3.0,2.0,2.0,2.0,4.0,5.0,2.0,2.0,4.0,3.0,2.0,2.0,2.0,5.0,2.0,5.0,16.0,0.0,James Bree
458,Shea,Charles,MID,45,Southampton,0,0,0,0,566,0.0,0.0,0.0,0.00,0.00,0.00,558,526,0.0,False,Has joined Sheffield Wednesday on a season-long loan,0.0,0.0,562,0.0,0.0,1060,1065,17,20,458,2.0,5.0,2.0,2.0,5.0,3.0,4.0,4.0,4.0,3.0,2.0,2.0,2.0,3.0,2.0,3.0,2.0,2.0,2.0,4.0,5.0,2.0,2.0,4.0,3.0,2.0,2.0,2.0,5.0,2.0,5.0,16.0,0.0,Shea Charles
459,Samuel,Edozie,MID,49,Southampton,1,0,0,0,424,0.0,0.2,5.1,0.00,0.15,0.15,360,608,0.0,False,Loaned to Anderlecht,0.0,0.5,316,0.0,0.21,1060,1065,17,20,459,2.0,5.0,2.0,2.0,5.0,3.0,4.0,4.0,4.0,3.0,2.0,2.0,2.0,3.0,2.0,3.0,2.0,2.0,2.0,4.0,5.0,2.0,2.0,4.0,3.0,2.0,2.0,2.0,5.0,2.0,5.0,16.0,0.0,Samuel Edozie
460,Ronnie,Edwards,DEF,40,Southampton,0,0,0,0,483,0.0,0.0,0.0,0.00,0.00,0.00,475,415,0.0,False,,,0.0,479,0.0,0.0,1060,1065,17,20,460,2.0,5.0,2.0,2.0,5.0,3.0,4.0,4.0,4.0,3.0,2.0,2.0,2.0,3.0,2.0,3.0,2.0,2.0,2.0,4.0,5.0,2.0,2.0,4.0,3.0,2.0,2.0,2.0,5.0,2.0,5.0,16.0,0.0,Ronnie Edwards
461,Taylor,Harwood-Bellis,DEF,40,Southampton,14,1,0,0,202,0.8,3.5,26.7,0.49,0.10,0.59,75,79,3.3,False,,,2.0,92,0.09,0.02,1060,1065,17,20,461,2.0,5.0,2.0,2.0,5.0,3.0,4.0,4.0,4.0,3.0,2.0,2.0,2.0,3.0,2.0,3.0,2.0,2.0,2.0,4.0,5.0,2.0,2.0,4.0,3.0,2.0,2.0,2.0,5.0,2.0,5.0,16.0,0.206,Taylor Harwood-Bellis
462,Kamaldeen,Sulemana,MID,50,Southampton,0,0,0,0,643,0.0,0.0,0.0,0.00,0.00,0.00,640,630,0.0,False,,100.0,0.0,643,0.0,0.0,1060,1065,17,20,462,2.0,5.0,2.0,2.0,5.0,3.0,4.0,4.0,4.0,3.0,2.0,2.0,2.0,3.0,2.0,3.0,2.0,2.0,2.0,4.0,5.0,2.0,2.0,4.0,3.0,2.0,2.0,2.0,5.0,2.0,5.0,16.0,0.0,Kamaldeen Sulemana
463,Adam,Lallana,MID,50,Southampton,9,0,2,0,188,0.3,1.8,8.9,0.15,0.19,0.34,249,208,1.3,False,,100.0,2.2,265,0.12,0.15,1060,1065,17,20,463,2.0,5.0,2.0,2.0,5.0,3.0,4.0,4.0,4.0,3.0,2.0,2.0,2.0,3.0,2.0,3.0,2.0,2.0,2.0,4.0,5.0,2.0,2.0,4.0,3.0,2.0,2.0,2.0,5.0,2.0,5.0,16.0,0.081,Adam Lallana
464,Juan,Larios López,DEF,40,Southampton,0,0,0,0,489,0.0,0.0,0.0,0.00,0.00,0.00,481,421,0.0,False,,100.0,0.0,485,0.0,0.0,1060,1065,17,20,464,2.0,5.0,2.0,2.0,5.0,3.0,4.0,4.0,4.0,3.0,2.0,2.0,2.0,3.0,2.0,3.0,2.0,2.0,2.0,4.0,5.0,2.0,2.0,4.0,3.0,2.0,2.0,2.0,5.0,2.0,5.0,16.0,0.0,Juan Larios López
465,Mateusz,Lis,GK,40,Southampton,0,0,0,0,453,0.0,0.0,0.0,0.00,0.00,0.00,445,383,0.0,False,Transferred to Göztepe,0.0,0.0,449,0.0,0.0,1060,1065,17,20,465,2.0,5.0,2.0,2.0,5.0,3.0,4.0,4.0,4.0,3.0,2.0,2.0,2.0,3.0,2.0,3.0,2.0,2.0,2.0,4.0,5.0,2.0,2.0,4.0,3.0,2.0,2.0,2.0,5.0,2.0,5.0,16.0,0.0,Mateusz Lis
466,Joe,Lumley,GK,40,Southampton,0,0,0,0,445,0.0,0.0,0.0,0.00,0.00,0.00,436,374,0.0,False,,,0.0,440,0.0,0.0,1060,1065,17,20,466,2.0,5.0,2.0,2.0,5.0,3.0,4.0,4.0,4.0,3.0,2.0,2.0,2.0,3.0,2.0,3.0,2.0,2.0,2.0,4.0,5.0,2.0,2.0,4.0,3.0,2.0,2.0,2.0,5.0,2.0,5.0,16.0,0.0,Joe Lumley
467,Ryan,Manning,DEF,43,Southampton,1,0,0,0,330,0.1,0.2,2.1,0.00,0.00,0.00,314,309,0.3,False,,,1.0,370,0.0,0.0,1060,1065,17,20,467,2.0,5.0,2.0,2.0,5.0,3.0,4.0,4.0,4.0,3.0,2.0,2.0,2.0,3.0,2.0,3.0,2.0,2.0,2.0,4.0,5.0,2.0,2.0,4.0,3.0,2.0,2.0,2.0,5.0,2.0,5.0,16.0,0.019,Ryan Manning
468,Sékou,Mara,FWD,50,Southampton,0,0,0,0,641,0.0,0.0,0.0,0.00,0.00,0.00,637,626,0.0,False,Transferred to Strasbourg,0.0,0.0,640,0.0,0.0,1060,1065,17,20,468,2.0,5.0,2.0,2.0,5.0,3.0,4.0,4.0,4.0,3.0,2.0,2.0,2.0,3.0,2.0,3.0,2.0,2.0,2.0,4.0,5.0,2.0,2.0,4.0,3.0,2.0,2.0,2.0,5.0,2.0,5.0,16.0,0.0,Sékou Mara
469,Alex,McCarthy,GK,44,Southampton,6,0,0,0,111,0.0,1.4,5.2,0.00,0.00,0.00,230,462,0.0,False,,,3.0,314,0.0,0.0,1060,1065,17,20,469,2.0,5.0,2.0,2.0,5.0,3.0,4.0,4.0,4.0,3.0,2.0,2.0,2.0,3.0,2.0,3.0,2.0,2.0,2.0,4.0,5.0,2.0,2.0,4.0,3.0,2.0,2.0,2.0,5.0,2.0,5.0,16.0,0.0,Alex McCarthy
470,Paul,Onuachu,FWD,49,Southampton,1,0,0,0,364,0.1,0.2,0.2,0.00,0.00,0.00,409,333,0.3,False,,,1.0,421,0.0,0.0,1060,1065,17,20,470,2.0,5.0,2.0,2.0,5.0,3.0,4.0,4.0,4.0,3.0,2.0,2.0,2.0,3.0,2.0,3.0,2.0,2.0,2.0,4.0,5.0,2.0,2.0,4.0,3.0,2.0,2.0,2.0,5.0,2.0,5.0,16.0,0.019,Paul Onuachu
471,Will,Smallbone,MID,50,Southampton,5,0,0,0,242,0.0,1.0,10.9,0.31,0.54,0.85,311,616,0.0,False,,100.0,1.7,247,0.13,0.22,1060,1065,17,20,471,2.0,5.0,2.0,2.0,5.0,3.0,4.0,4.0,4.0,3.0,2.0,2.0,2.0,3.0,2.0,3.0,2.0,2.0,2.0,4.0,5.0,2.0,2.0,4.0,3.0,2.0,2.0,2.0,5.0,2.0,5.0,16.0,0.0,Will Smallbone
472,Jack,Stephens,DEF,40,Southampton,2,0,0,0,416,0.0,0.5,8.0,0.23,0.10,0.33,257,365,0.0,False,Suspended until 26 Oct,0.0,0.5,275,0.06,0.03,1060,1065,17,20,472,2.0,5.0,2.0,2.0,5.0,3.0,4.0,4.0,4.0,3.0,2.0,2.0,2.0,3.0,2.0,3.0,2.0,2.0,2.0,4.0,5.0,2.0,2.0,4.0,3.0,2.0,2.0,2.0,5.0,2.0,5.0,16.0,0.0,Jack Stephens
473,Ross,Stewart,FWD,46,Southampton,3,0,0,0,404,0.2,0.7,2.1,0.17,0.02,0.19,384,270,0.7,False,Muscle injury - Unknown return date,0.0,0.8,371,0.12,0.01,1060,1065,17,20,473,2.0,5.0,2.0,2.0,5.0,3.0,4.0,4.0,4.0,3.0,2.0,2.0,2.0,3.0,2.0,3.0,2.0,2.0,2.0,4.0,5.0,2.0,2.0,4.0,3.0,2.0,2.0,2.0,5.0,2.0,5.0,16.0,0.044,Ross Stewart
474,Sugawara,Yukinari,DEF,45,Southampton,14,1,0,0,208,0.2,3.1,29.8,0.24,0.99,1.23,76,231,1.0,False,,,2.0,74,0.04,0.16,1060,1065,17,20,474,2.0,5.0,2.0,2.0,5.0,3.0,4.0,4.0,4.0,3.0,2.0,2.0,2.0,3.0,2.0,3.0,2.0,2.0,2.0,4.0,5.0,2.0,2.0,4.0,3.0,2.0,2.0,2.0,5.0,2.0,5.0,16.0,0.062,Sugawara Yukinari
475,Charlie,Taylor,DEF,40,Southampton,4,0,0,0,318,0.2,1.0,8.3,0.00,0.08,0.08,212,225,1.0,False,,,1.0,273,0.0,0.04,1060,1065,17,20,475,2.0,5.0,2.0,2.0,5.0,3.0,4.0,4.0,4.0,3.0,2.0,2.0,2.0,3.0,2.0,3.0,2.0,2.0,2.0,4.0,5.0,2.0,2.0,4.0,3.0,2.0,2.0,2.0,5.0,2.0,5.0,16.0,0.062,Charlie Taylor
476,Kyle,Walker-Peters,DEF,44,Southampton,6,0,0,0,295,0.0,1.4,16.9,0.22,0.18,0.40,187,473,0.0,False,,,1.2,185,0.04,0.04,1060,1065,17,20,476,2.0,5.0,2.0,2.0,5.0,3.0,4.0,4.0,4.0,3.0,2.0,2.0,2.0,3.0,2.0,3.0,2.0,2.0,2.0,4.0,5.0,2.0,2.0,4.0,3.0,2.0,2.0,2.0,5.0,2.0,5.0,16.0,0.0,Kyle Walker-Peters
477,Nathan,Wood-Gordon,DEF,40,Southampton,0,0,0,0,461,0.0,0.0,0.0,0.00,0.00,0.00,454,393,0.0,False,,,0.0,458,0.0,0.0,1060,1065,17,20,477,2.0,5.0,2.0,2.0,5.0,3.0,4.0,4.0,4.0,3.0,2.0,2.0,2.0,3.0,2.0,3.0,2.0,2.0,2.0,4.0,5.0,2.0,2.0,4.0,3.0,2.0,2.0,2.0,5.0,2.0,5.0,16.0,0.0,Nathan Wood-Gordon
515,Maxwel,Cornet,MID,48,Southampton,1,0,0,0,422,0.1,0.2,2.2,0.16,0.00,0.16,353,325,0.3,False,,,0.5,368,0.2,0.0,1060,1065,17,20,515,2.0,5.0,2.0,2.0,5.0,3.0,4.0,4.0,4.0,3.0,2.0,2.0,2.0,3.0,2.0,3.0,2.0,2.0,2.0,4.0,5.0,2.0,2.0,4.0,3.0,2.0,2.0,2.0,5.0,2.0,5.0,16.0,0.019,Maxwel Cornet
518,Flynn,Downes,MID,49,Southampton,11,0,0,0,257,0.3,2.2,28.9,0.26,0.91,1.17,155,207,1.3,False,,,1.6,77,0.04,0.13,1060,1065,17,20,518,2.0,5.0,2.0,2.0,5.0,3.0,4.0,4.0,4.0,3.0,2.0,2.0,2.0,3.0,2.0,3.0,2.0,2.0,2.0,4.0,5.0,2.0,2.0,4.0,3.0,2.0,2.0,2.0,5.0,2.0,5.0,16.0,0.081,Flynn Downes
584,Ben,Brereton Díaz,MID,52,Southampton,9,0,0,0,273,0.1,1.7,15.7,0.78,0.14,0.92,324,287,0.7,False,,,1.5,194,0.18,0.03,1060,1065,17,20,584,2.0,5.0,2.0,2.0,5.0,3.0,4.0,4.0,4.0,3.0,2.0,2.0,2.0,3.0,2.0,3.0,2.0,2.0,2.0,4.0,5.0,2.0,2.0,4.0,3.0,2.0,2.0,2.0,5.0,2.0,5.0,16.0,0.044,Ben Brereton Díaz
608,Tyler,Dibling,MID,46,Southampton,18,1,0,1,149,0.9,3.9,25.4,0.88,0.58,1.46,180,52,4.3,False,Knock - 75% chance of playing,75.0,2.6,101,0.22,0.14,1060,1065,17,20,608,2.0,5.0,2.0,2.0,5.0,3.0,4.0,4.0,4.0,3.0,2.0,2.0,2.0,3.0,2.0,3.0,2.0,2.0,2.0,4.0,5.0,2.0,2.0,4.0,3.0,2.0,2.0,2.0,5.0,2.0,5.0,16.0,0.269,Tyler Dibling
623,Mateus Gonçalo,Espanha Fernandes,MID,50,Southampton,13,0,1,1,189,0.6,2.6,20.8,0.45,0.33,0.78,203,100,3.0,False,,,2.2,148,0.11,0.08,1060,1065,17,20,623,2.0,5.0,2.0,2.0,5.0,3.0,4.0,4.0,4.0,3.0,2.0,2.0,2.0,3.0,2.0,3.0,2.0,2.0,2.0,4.0,5.0,2.0,2.0,4.0,3.0,2.0,2.0,2.0,5.0,2.0,5.0,16.0,0.188,Mateus Gonçalo Espanha Fernandes
82,Dominic,Solanke-Mitchell,FWD,76,Spurs,21,2,1,1,50,0.8,2.8,38.7,3.45,0.55,4.00,102,29,5.7,False,,100.0,4.2,42,0.69,0.11,1220,1260,18,6,82,2.0,2.0,3.0,2.0,5.0,2.0,3.0,4.0,2.0,5.0,2.0,2.0,3.0,5.0,2.0,2.0,3.0,3.0,2.0,5.0,2.0,3.0,4.0,2.0,2.0,3.0,5.0,2.0,2.0,4.0,2.0,14.0,0.407,Dominic Solanke-Mitchell
478,Ashley,Phillips,DEF,40,Spurs,0,0,0,0,496,0.0,0.0,0.0,0.00,0.00,0.00,488,429,0.0,False,Loaned to Stoke City,0.0,0.0,492,0.0,0.0,1220,1260,18,6,478,2.0,2.0,3.0,2.0,5.0,2.0,3.0,4.0,2.0,5.0,2.0,2.0,3.0,5.0,2.0,2.0,3.0,3.0,2.0,5.0,2.0,3.0,4.0,2.0,2.0,3.0,5.0,2.0,2.0,4.0,2.0,14.0,0.0,Ashley Phillips
479,Brandon,Austin,GK,40,Spurs,0,0,0,0,456,0.0,0.0,0.0,0.00,0.00,0.00,448,386,0.0,False,,,0.0,452,0.0,0.0,1220,1260,18,6,479,2.0,2.0,3.0,2.0,5.0,2.0,3.0,4.0,2.0,5.0,2.0,2.0,3.0,5.0,2.0,2.0,3.0,3.0,2.0,5.0,2.0,3.0,4.0,2.0,2.0,3.0,5.0,2.0,2.0,4.0,2.0,14.0,0.0,Brandon Austin
480,Rodrigo,Bentancur,MID,50,Spurs,9,0,0,1,269,0.5,1.8,12.7,0.35,0.17,0.52,245,135,2.3,False,,100.0,1.5,232,0.08,0.04,1220,1260,18,6,480,2.0,2.0,3.0,2.0,5.0,2.0,3.0,4.0,2.0,5.0,2.0,2.0,3.0,5.0,2.0,2.0,3.0,3.0,2.0,5.0,2.0,3.0,4.0,2.0,2.0,3.0,5.0,2.0,2.0,4.0,2.0,14.0,0.164,Rodrigo Bentancur
481,Lucas,Bergvall,MID,45,Spurs,5,0,0,0,345,0.2,1.1,5.3,0.08,0.27,0.35,346,269,0.7,False,Knock - 75% chance of playing,75.0,1.0,312,0.16,0.53,1220,1260,18,6,481,2.0,2.0,3.0,2.0,5.0,2.0,3.0,4.0,2.0,5.0,2.0,2.0,3.0,5.0,2.0,2.0,3.0,3.0,2.0,5.0,2.0,3.0,4.0,2.0,2.0,3.0,5.0,2.0,2.0,4.0,2.0,14.0,0.05,Lucas Bergvall
482,Yves,Bissouma,MID,49,Spurs,11,1,0,1,131,0.1,2.2,10.9,0.10,0.13,0.23,207,334,0.3,False,,100.0,2.8,246,0.05,0.06,1220,1260,18,6,482,2.0,2.0,3.0,2.0,5.0,2.0,3.0,4.0,2.0,5.0,2.0,2.0,3.0,5.0,2.0,2.0,3.0,3.0,2.0,5.0,2.0,3.0,4.0,2.0,2.0,3.0,5.0,2.0,2.0,4.0,2.0,14.0,0.021,Yves Bissouma
483,Bryan,Gil Salvatierra,MID,50,Spurs,0,0,0,0,636,0.0,0.0,0.0,0.00,0.00,0.00,632,621,0.0,False,On loan to Girona for the season,0.0,0.0,635,0.0,0.0,1220,1260,18,6,483,2.0,2.0,3.0,2.0,5.0,2.0,3.0,4.0,2.0,5.0,2.0,2.0,3.0,5.0,2.0,2.0,3.0,3.0,2.0,5.0,2.0,3.0,4.0,2.0,2.0,3.0,5.0,2.0,2.0,4.0,2.0,14.0,0.0,Bryan Gil Salvatierra
484,Ben,Davies,DEF,44,Spurs,0,0,0,0,522,0.0,0.0,0.0,0.00,0.00,0.00,514,471,0.0,False,,,0.0,518,0.0,0.0,1220,1260,18,6,484,2.0,2.0,3.0,2.0,5.0,2.0,3.0,4.0,2.0,5.0,2.0,2.0,3.0,5.0,2.0,2.0,3.0,3.0,2.0,5.0,2.0,3.0,4.0,2.0,2.0,3.0,5.0,2.0,2.0,4.0,2.0,14.0,0.0,Ben Davies
485,Alfie,Devine,MID,45,Spurs,0,0,0,0,581,0.0,0.0,0.0,0.00,0.00,0.00,573,542,0.0,False,Loaned to Westerlo,0.0,0.0,577,0.0,0.0,1220,1260,18,6,485,2.0,2.0,3.0,2.0,5.0,2.0,3.0,4.0,2.0,5.0,2.0,2.0,3.0,5.0,2.0,2.0,3.0,3.0,2.0,5.0,2.0,3.0,4.0,2.0,2.0,3.0,5.0,2.0,2.0,4.0,2.0,14.0,0.0,Alfie Devine
486,Radu,Drăgușin,DEF,43,Spurs,2,0,0,0,332,0.1,0.5,2.7,0.02,0.01,0.03,315,311,0.3,False,,,1.0,359,0.02,0.01,1220,1260,18,6,486,2.0,2.0,3.0,2.0,5.0,2.0,3.0,4.0,2.0,5.0,2.0,2.0,3.0,5.0,2.0,2.0,3.0,3.0,2.0,5.0,2.0,3.0,4.0,2.0,2.0,3.0,5.0,2.0,2.0,4.0,2.0,14.0,0.021,Radu Drăgușin
487,Emerson,Leite de Souza Junior,DEF,45,Spurs,0,0,0,0,553,0.0,0.0,0.0,0.00,0.00,0.00,545,513,0.0,False,Transferred to AC Milan,0.0,0.0,549,0.0,0.0,1220,1260,18,6,487,2.0,2.0,3.0,2.0,5.0,2.0,3.0,4.0,2.0,5.0,2.0,2.0,3.0,5.0,2.0,2.0,3.0,3.0,2.0,5.0,2.0,3.0,4.0,2.0,2.0,3.0,5.0,2.0,2.0,4.0,2.0,14.0,0.0,Emerson Leite de Souza Junior
488,Fraser,Forster,GK,44,Spurs,0,0,0,0,517,0.0,0.0,0.0,0.00,0.00,0.00,509,459,0.0,False,,,0.0,513,0.0,0.0,1220,1260,18,6,488,2.0,2.0,3.0,2.0,5.0,2.0,3.0,4.0,2.0,5.0,2.0,2.0,3.0,5.0,2.0,2.0,3.0,3.0,2.0,5.0,2.0,3.0,4.0,2.0,2.0,3.0,5.0,2.0,2.0,4.0,2.0,14.0,0.0,Fraser Forster
489,Archie,Gray,MID,48,Spurs,3,0,0,0,361,0.1,0.6,1.0,0.00,0.01,0.01,376,329,0.3,False,,,1.0,401,0.0,0.03,1220,1260,18,6,489,2.0,2.0,3.0,2.0,5.0,2.0,3.0,4.0,2.0,5.0,2.0,2.0,3.0,5.0,2.0,2.0,3.0,3.0,2.0,5.0,2.0,3.0,4.0,2.0,2.0,3.0,5.0,2.0,2.0,4.0,2.0,14.0,0.021,Archie Gray
490,Pierre-Emile,Højbjerg,MID,50,Spurs,0,0,0,0,632,0.0,0.0,0.0,0.00,0.00,0.00,628,615,0.0,False,On loan to Marseille for the season,0.0,0.0,631,0.0,0.0,1220,1260,18,6,490,2.0,2.0,3.0,2.0,5.0,2.0,3.0,4.0,2.0,5.0,2.0,2.0,3.0,5.0,2.0,2.0,3.0,3.0,2.0,5.0,2.0,3.0,4.0,2.0,2.0,3.0,5.0,2.0,2.0,4.0,2.0,14.0,0.0,Pierre-Emile Højbjerg
491,Brennan,Johnson,MID,66,Spurs,36,3,2,2,29,1.3,5.5,51.8,3.09,0.46,3.55,56,2,8.3,False,,,5.1,20,0.54,0.08,1220,1260,18,6,491,2.0,2.0,3.0,2.0,5.0,2.0,3.0,4.0,2.0,5.0,2.0,2.0,3.0,5.0,2.0,2.0,3.0,3.0,2.0,5.0,2.0,3.0,4.0,2.0,2.0,3.0,5.0,2.0,2.0,4.0,2.0,14.0,0.593,Brennan Johnson
492,Dejan,Kulusevski,MID,62,Spurs,24,1,1,2,89,0.8,3.9,59.2,1.10,1.19,2.29,77,47,4.7,False,,,3.4,12,0.19,0.2,1220,1260,18,6,492,2.0,2.0,3.0,2.0,5.0,2.0,3.0,4.0,2.0,5.0,2.0,2.0,3.0,5.0,2.0,2.0,3.0,3.0,2.0,5.0,2.0,3.0,4.0,2.0,2.0,3.0,5.0,2.0,2.0,4.0,2.0,14.0,0.336,Dejan Kulusevski
493,Giovani,Lo Celso,MID,49,Spurs,0,0,0,0,624,0.0,0.0,0.0,0.00,0.00,0.00,618,599,0.0,False,Transferred to Real Betis,0.0,0.0,621,0.0,0.0,1220,1260,18,6,493,2.0,2.0,3.0,2.0,5.0,2.0,3.0,4.0,2.0,5.0,2.0,2.0,3.0,5.0,2.0,2.0,3.0,3.0,2.0,5.0,2.0,3.0,4.0,2.0,2.0,3.0,5.0,2.0,2.0,4.0,2.0,14.0,0.0,Giovani Lo Celso
494,James,Maddison,MID,75,Spurs,39,2,3,2,22,1.1,5.2,65.4,2.10,2.97,5.07,18,3,8.3,False,,,5.6,7,0.34,0.47,1220,1260,18,6,494,2.0,2.0,3.0,2.0,5.0,2.0,3.0,4.0,2.0,5.0,2.0,2.0,3.0,5.0,2.0,2.0,3.0,3.0,2.0,5.0,2.0,3.0,4.0,2.0,2.0,3.0,5.0,2.0,2.0,4.0,2.0,14.0,0.593,James Maddison
495,Pedro,Porro,DEF,55,Spurs,26,1,0,2,68,0.5,4.7,46.8,0.54,0.98,1.52,22,125,2.7,False,,100.0,3.7,26,0.08,0.14,1220,1260,18,6,495,2.0,2.0,3.0,2.0,5.0,2.0,3.0,4.0,2.0,5.0,2.0,2.0,3.0,5.0,2.0,2.0,3.0,3.0,2.0,5.0,2.0,3.0,4.0,2.0,2.0,3.0,5.0,2.0,2.0,4.0,2.0,14.0,0.193,Pedro Porro
496,Sergio,Reguilón,DEF,43,Spurs,0,0,0,0,511,0.0,0.0,0.0,0.00,0.00,0.00,503,452,0.0,False,,,0.0,507,0.0,0.0,1220,1260,18,6,496,2.0,2.0,3.0,2.0,5.0,2.0,3.0,4.0,2.0,5.0,2.0,2.0,3.0,5.0,2.0,2.0,3.0,3.0,2.0,5.0,2.0,3.0,4.0,2.0,2.0,3.0,5.0,2.0,2.0,4.0,2.0,14.0,0.0,Sergio Reguilón
497,Richarlison,de Andrade,FWD,68,Spurs,2,0,0,0,400,0.0,0.3,1.1,0.19,0.00,0.19,399,661,0.0,False,Lack of match fitness - 75% chance of playing,75.0,1.0,398,0.68,0.0,1220,1260,18,6,497,2.0,2.0,3.0,2.0,5.0,2.0,3.0,4.0,2.0,5.0,2.0,2.0,3.0,5.0,2.0,2.0,3.0,3.0,2.0,5.0,2.0,3.0,4.0,2.0,2.0,3.0,5.0,2.0,2.0,4.0,2.0,14.0,0.0,Richarlison de Andrade
498,Cristian,Romero,DEF,51,Spurs,28,1,0,2,54,0.6,5.5,35.4,0.97,0.46,1.43,31,102,3.0,False,,,4.0,54,0.14,0.07,1220,1260,18,6,498,2.0,2.0,3.0,2.0,5.0,2.0,3.0,4.0,2.0,5.0,2.0,2.0,3.0,5.0,2.0,2.0,3.0,3.0,2.0,5.0,2.0,3.0,4.0,2.0,2.0,3.0,5.0,2.0,2.0,4.0,2.0,14.0,0.214,Cristian Romero
499,Pape Matar,Sarr,MID,49,Spurs,10,0,1,0,279,0.4,2.0,14.4,0.60,0.15,0.75,232,152,2.0,False,,,1.4,209,0.26,0.06,1220,1260,18,6,499,2.0,2.0,3.0,2.0,5.0,2.0,3.0,4.0,2.0,5.0,2.0,2.0,3.0,5.0,2.0,2.0,3.0,3.0,2.0,5.0,2.0,3.0,4.0,2.0,2.0,3.0,5.0,2.0,2.0,4.0,2.0,14.0,0.143,Pape Matar Sarr
500,Dane,Scarlett,FWD,45,Spurs,0,0,0,0,573,0.0,0.0,0.0,0.00,0.00,0.00,565,533,0.0,False,Loaned to Oxford United,0.0,0.0,569,0.0,0.0,1220,1260,18,6,500,2.0,2.0,3.0,2.0,5.0,2.0,3.0,4.0,2.0,5.0,2.0,2.0,3.0,5.0,2.0,2.0,3.0,3.0,2.0,5.0,2.0,3.0,4.0,2.0,2.0,3.0,5.0,2.0,2.0,4.0,2.0,14.0,0.0,Dane Scarlett
502,Manor,Solomon,MID,54,Spurs,0,0,0,0,651,0.0,0.0,0.0,0.00,0.00,0.00,649,643,0.0,False,Season long loan to Leeds United,0.0,0.0,651,0.0,0.0,1220,1260,18,6,502,2.0,2.0,3.0,2.0,5.0,2.0,3.0,4.0,2.0,5.0,2.0,2.0,3.0,5.0,2.0,2.0,3.0,3.0,2.0,5.0,2.0,3.0,4.0,2.0,2.0,3.0,5.0,2.0,2.0,4.0,2.0,14.0,0.0,Manor Solomon
503,Son,Heung-min,MID,98,Spurs,33,2,2,1,10,0.3,3.4,46.0,1.38,1.11,2.49,43,90,3.3,False,Lack of match fitness - 75% chance of playing,75.0,6.6,28,0.28,0.22,1220,1260,18,6,503,2.0,2.0,3.0,2.0,5.0,2.0,3.0,4.0,2.0,5.0,2.0,2.0,3.0,5.0,2.0,2.0,3.0,3.0,2.0,5.0,2.0,3.0,4.0,2.0,2.0,3.0,5.0,2.0,2.0,4.0,2.0,14.0,0.236,Son Heung-min
504,Djed,Spence,DEF,44,Spurs,2,0,0,0,408,0.0,0.5,1.9,0.00,0.01,0.01,364,482,0.0,False,,,0.7,378,0.0,0.01,1220,1260,18,6,504,2.0,2.0,3.0,2.0,5.0,2.0,3.0,4.0,2.0,5.0,2.0,2.0,3.0,5.0,2.0,2.0,3.0,3.0,2.0,5.0,2.0,3.0,4.0,2.0,2.0,3.0,5.0,2.0,2.0,4.0,2.0,14.0,0.0,Djed Spence
505,Destiny,Udogie,DEF,49,Spurs,13,0,0,1,221,0.2,2.7,22.6,0.25,0.18,0.43,152,240,1.0,False,,100.0,1.9,125,0.04,0.03,1220,1260,18,6,505,2.0,2.0,3.0,2.0,5.0,2.0,3.0,4.0,2.0,5.0,2.0,2.0,3.0,5.0,2.0,2.0,3.0,3.0,2.0,5.0,2.0,3.0,4.0,2.0,2.0,3.0,5.0,2.0,2.0,4.0,2.0,14.0,0.071,Destiny Udogie
506,Micky,van de Ven,DEF,46,Spurs,25,0,2,2,46,0.9,5.4,18.1,0.11,0.67,0.78,109,51,4.3,False,,100.0,4.2,171,0.02,0.11,1220,1260,18,6,506,2.0,2.0,3.0,2.0,5.0,2.0,3.0,4.0,2.0,5.0,2.0,2.0,3.0,5.0,2.0,2.0,3.0,3.0,2.0,5.0,2.0,3.0,4.0,2.0,2.0,3.0,5.0,2.0,2.0,4.0,2.0,14.0,0.307,Micky van de Ven
507,Alejo,Véliz,FWD,50,Spurs,0,0,0,0,645,0.0,0.0,0.0,0.00,0.00,0.00,642,632,0.0,False,Loaned to Espanyol,0.0,0.0,645,0.0,0.0,1220,1260,18,6,507,2.0,2.0,3.0,2.0,5.0,2.0,3.0,4.0,2.0,5.0,2.0,2.0,3.0,5.0,2.0,2.0,3.0,3.0,2.0,5.0,2.0,3.0,4.0,2.0,2.0,3.0,5.0,2.0,2.0,4.0,2.0,14.0,0.0,Alejo Véliz
508,Guglielmo,Vicario,GK,50,Spurs,21,0,0,2,120,0.7,4.2,14.7,0.00,0.00,0.00,59,83,3.3,False,,,3.0,205,0.0,0.0,1220,1260,18,6,508,2.0,2.0,3.0,2.0,5.0,2.0,3.0,4.0,2.0,5.0,2.0,2.0,3.0,5.0,2.0,2.0,3.0,3.0,2.0,5.0,2.0,3.0,4.0,2.0,2.0,3.0,5.0,2.0,2.0,4.0,2.0,14.0,0.236,Guglielmo Vicario
509,Timo,Werner,MID,62,Spurs,11,0,1,1,191,0.4,1.8,14.6,0.72,0.19,0.91,259,126,2.7,False,,100.0,2.2,208,0.34,0.09,1220,1260,18,6,509,2.0,2.0,3.0,2.0,5.0,2.0,3.0,4.0,2.0,5.0,2.0,2.0,3.0,5.0,2.0,2.0,3.0,3.0,2.0,5.0,2.0,3.0,4.0,2.0,2.0,3.0,5.0,2.0,2.0,4.0,2.0,14.0,0.193,Timo Werner
510,Alfie,Whiteman,GK,40,Spurs,0,0,0,0,448,0.0,0.0,0.0,0.00,0.00,0.00,439,377,0.0,False,,,0.0,443,0.0,0.0,1220,1260,18,6,510,2.0,2.0,3.0,2.0,5.0,2.0,3.0,4.0,2.0,5.0,2.0,2.0,3.0,5.0,2.0,2.0,3.0,3.0,2.0,5.0,2.0,3.0,4.0,2.0,2.0,3.0,5.0,2.0,2.0,4.0,2.0,14.0,0.0,Alfie Whiteman
609,Will,Lankshear,FWD,45,Spurs,0,0,0,0,600,0.0,0.0,0.0,0.00,0.00,0.00,592,564,0.0,False,,100.0,0.0,596,0.0,0.0,1220,1260,18,6,609,2.0,2.0,3.0,2.0,5.0,2.0,3.0,4.0,2.0,5.0,2.0,2.0,3.0,5.0,2.0,2.0,3.0,3.0,2.0,5.0,2.0,3.0,4.0,2.0,2.0,3.0,5.0,2.0,2.0,4.0,2.0,14.0,0.0,Will Lankshear
610,Mikey,Moore,MID,45,Spurs,3,0,0,0,341,0.2,0.7,0.7,0.04,0.00,0.04,410,233,1.0,False,,100.0,1.0,406,0.17,0.0,1220,1260,18,6,610,2.0,2.0,3.0,2.0,5.0,2.0,3.0,4.0,2.0,5.0,2.0,2.0,3.0,5.0,2.0,2.0,3.0,3.0,2.0,5.0,2.0,3.0,4.0,2.0,2.0,3.0,5.0,2.0,2.0,4.0,2.0,14.0,0.071,Mikey Moore
612,Wilson,Odobert,MID,54,Spurs,6,0,0,1,218,0.0,1.1,9.2,0.42,0.08,0.50,358,648,0.0,False,Hamstring injury - Unknown return date,0.0,2.0,261,0.24,0.04,1220,1260,18,6,612,2.0,2.0,3.0,2.0,5.0,2.0,3.0,4.0,2.0,5.0,2.0,2.0,3.0,5.0,2.0,2.0,3.0,3.0,2.0,5.0,2.0,3.0,4.0,2.0,2.0,3.0,5.0,2.0,2.0,4.0,2.0,14.0,0.0,Wilson Odobert
388,Aaron,Wan-Bissaka,DEF,45,West Ham,9,0,0,0,263,0.4,2.0,22.5,0.04,0.52,0.56,151,169,1.7,False,,,1.5,126,0.01,0.1,1100,1100,19,21,388,4.0,3.0,2.0,2.0,4.0,5.0,2.0,2.0,3.0,2.0,2.0,5.0,5.0,2.0,2.0,4.0,4.0,2.0,5.0,2.0,3.0,2.0,2.0,2.0,5.0,2.0,3.0,4.0,3.0,3.0,2.0,15.0,0.113,Aaron Wan-Bissaka
511,Edson,Álvarez Velázquez,MID,50,West Ham,5,0,0,0,373,0.1,1.0,9.6,0.02,0.25,0.27,281,339,0.3,False,,100.0,1.0,257,0.01,0.09,1100,1100,19,21,511,4.0,3.0,2.0,2.0,4.0,5.0,2.0,2.0,3.0,2.0,2.0,5.0,5.0,2.0,2.0,4.0,4.0,2.0,5.0,2.0,3.0,2.0,2.0,2.0,5.0,2.0,3.0,4.0,3.0,3.0,2.0,15.0,0.02,Edson Álvarez Velázquez
512,Michail,Antonio,FWD,54,West Ham,30,1,4,1,44,1.4,5.6,23.2,1.82,0.25,2.07,227,7,7.7,False,,,4.3,120,0.38,0.05,1100,1100,19,21,512,4.0,3.0,2.0,2.0,4.0,5.0,2.0,2.0,3.0,2.0,2.0,5.0,5.0,2.0,2.0,4.0,4.0,2.0,5.0,2.0,3.0,2.0,2.0,2.0,5.0,2.0,3.0,4.0,3.0,3.0,2.0,15.0,0.513,Michail Antonio
513,Alphonse,Areola,GK,45,West Ham,16,0,0,1,171,0.4,3.6,13.2,0.00,0.00,0.00,83,168,1.7,False,,100.0,2.3,223,0.0,0.0,1100,1100,19,21,513,4.0,3.0,2.0,2.0,4.0,5.0,2.0,2.0,3.0,2.0,2.0,5.0,5.0,2.0,2.0,4.0,4.0,2.0,5.0,2.0,3.0,2.0,2.0,2.0,5.0,2.0,3.0,4.0,3.0,3.0,2.0,15.0,0.113,Alphonse Areola
514,Jarrod,Bowen,MID,74,West Ham,36,2,3,1,30,0.7,4.9,64.8,0.95,2.03,2.98,26,33,5.3,False,,,5.1,8,0.14,0.3,1100,1100,19,21,514,4.0,3.0,2.0,2.0,4.0,5.0,2.0,2.0,3.0,2.0,2.0,5.0,5.0,2.0,2.0,4.0,4.0,2.0,5.0,2.0,3.0,2.0,2.0,2.0,5.0,2.0,3.0,4.0,3.0,3.0,2.0,15.0,0.353,Jarrod Bowen
516,Vladimír,Coufal,DEF,44,West Ham,9,0,0,1,184,0.0,2.0,3.5,0.02,0.10,0.12,316,474,0.0,False,,,2.2,339,0.01,0.05,1100,1100,19,21,516,4.0,3.0,2.0,2.0,4.0,5.0,2.0,2.0,3.0,2.0,2.0,5.0,5.0,2.0,2.0,4.0,4.0,2.0,5.0,2.0,3.0,2.0,2.0,2.0,5.0,2.0,3.0,4.0,3.0,3.0,2.0,15.0,0.0,Vladimír Coufal
517,Aaron,Cresswell,DEF,40,West Ham,3,0,0,0,316,0.2,0.8,1.7,0.03,0.01,0.04,394,254,0.7,False,,100.0,1.0,382,0.11,0.04,1100,1100,19,21,517,4.0,3.0,2.0,2.0,4.0,5.0,2.0,2.0,3.0,2.0,2.0,5.0,5.0,2.0,2.0,4.0,4.0,2.0,5.0,2.0,3.0,2.0,2.0,2.0,5.0,2.0,3.0,4.0,3.0,3.0,2.0,15.0,0.047,Aaron Cresswell
519,George,Earthy,MID,45,West Ham,0,0,0,0,575,0.0,0.0,0.0,0.00,0.00,0.00,567,536,0.0,False,Loaned to Bristol City,0.0,0.0,571,0.0,0.0,1100,1100,19,21,519,4.0,3.0,2.0,2.0,4.0,5.0,2.0,2.0,3.0,2.0,2.0,5.0,5.0,2.0,2.0,4.0,4.0,2.0,5.0,2.0,3.0,2.0,2.0,2.0,5.0,2.0,3.0,4.0,3.0,3.0,2.0,15.0,0.0,George Earthy
520,Emerson,Palmieri dos Santos,DEF,44,West Ham,11,0,0,1,248,0.2,2.5,17.9,0.06,0.42,0.48,185,227,1.0,False,,100.0,1.6,175,0.01,0.08,1100,1100,19,21,520,4.0,3.0,2.0,2.0,4.0,5.0,2.0,2.0,3.0,2.0,2.0,5.0,5.0,2.0,2.0,4.0,4.0,2.0,5.0,2.0,3.0,2.0,2.0,2.0,5.0,2.0,3.0,4.0,3.0,3.0,2.0,15.0,0.067,Emerson Palmieri dos Santos
521,Łukasz,Fabiański,GK,40,West Ham,1,0,0,0,315,0.0,0.2,1.6,0.00,0.00,0.00,331,362,0.0,False,,,1.0,386,0.0,0.0,1100,1100,19,21,521,4.0,3.0,2.0,2.0,4.0,5.0,2.0,2.0,3.0,2.0,2.0,5.0,5.0,2.0,2.0,4.0,4.0,2.0,5.0,2.0,3.0,2.0,2.0,2.0,5.0,2.0,3.0,4.0,3.0,3.0,2.0,15.0,0.0,Łukasz Fabiański
522,Wes,Foderingham,GK,44,West Ham,0,0,0,0,519,0.0,0.0,0.0,0.00,0.00,0.00,511,464,0.0,False,,,0.0,515,0.0,0.0,1100,1100,19,21,522,4.0,3.0,2.0,2.0,4.0,5.0,2.0,2.0,3.0,2.0,2.0,5.0,5.0,2.0,2.0,4.0,4.0,2.0,5.0,2.0,3.0,2.0,2.0,2.0,5.0,2.0,3.0,4.0,3.0,3.0,2.0,15.0,0.0,Wes Foderingham
523,Danny,Ings,FWD,50,West Ham,10,1,0,0,91,0.1,2.0,7.4,0.50,0.00,0.50,277,337,0.3,False,,,3.3,287,1.61,0.0,1100,1100,19,21,523,4.0,3.0,2.0,2.0,4.0,5.0,2.0,2.0,3.0,2.0,2.0,5.0,5.0,2.0,2.0,4.0,4.0,2.0,5.0,2.0,3.0,2.0,2.0,2.0,5.0,2.0,3.0,4.0,3.0,3.0,2.0,15.0,0.02,Danny Ings
524,Max,Kilman,DEF,45,West Ham,18,0,1,1,146,0.2,4.0,22.1,0.28,0.12,0.40,54,230,1.0,False,,,2.6,130,0.04,0.02,1100,1100,19,21,524,4.0,3.0,2.0,2.0,4.0,5.0,2.0,2.0,3.0,2.0,2.0,5.0,5.0,2.0,2.0,4.0,4.0,2.0,5.0,2.0,3.0,2.0,2.0,2.0,5.0,2.0,3.0,4.0,3.0,3.0,2.0,15.0,0.067,Max Kilman
525,Mohammed,Kudus,MID,63,West Ham,19,1,0,1,142,0.5,3.0,42.0,2.13,0.82,2.95,139,88,3.3,False,,,2.7,33,0.33,0.13,1100,1100,19,21,525,4.0,3.0,2.0,2.0,4.0,5.0,2.0,2.0,3.0,2.0,2.0,5.0,5.0,2.0,2.0,4.0,4.0,2.0,5.0,2.0,3.0,2.0,2.0,2.0,5.0,2.0,3.0,4.0,3.0,3.0,2.0,15.0,0.22,Mohammed Kudus
526,Luis Guilherme,Lira dos Santos,MID,48,West Ham,1,0,0,0,362,0.1,0.2,0.0,0.00,0.00,0.00,611,330,0.3,False,,,1.0,614,0.0,0.0,1100,1100,19,21,526,4.0,3.0,2.0,2.0,4.0,5.0,2.0,2.0,3.0,2.0,2.0,5.0,5.0,2.0,2.0,4.0,4.0,2.0,5.0,2.0,3.0,2.0,2.0,2.0,5.0,2.0,3.0,4.0,3.0,3.0,2.0,15.0,0.02,Luis Guilherme Lira dos Santos
527,Lucas,Tolentino Coelho de Lima,MID,59,West Ham,24,2,0,1,88,0.7,4.1,34.8,2.04,0.58,2.62,104,65,4.0,False,,,3.4,55,0.35,0.1,1100,1100,19,21,527,4.0,3.0,2.0,2.0,4.0,5.0,2.0,2.0,3.0,2.0,2.0,5.0,5.0,2.0,2.0,4.0,4.0,2.0,5.0,2.0,3.0,2.0,2.0,2.0,5.0,2.0,3.0,4.0,3.0,3.0,2.0,15.0,0.267,Lucas Tolentino Coelho de Lima
528,Konstantinos,Mavropanos,DEF,45,West Ham,14,0,0,1,172,0.2,3.1,19.4,0.24,0.29,0.53,58,264,0.7,False,,,2.3,153,0.04,0.05,1100,1100,19,21,528,4.0,3.0,2.0,2.0,4.0,5.0,2.0,2.0,3.0,2.0,2.0,5.0,5.0,2.0,2.0,4.0,4.0,2.0,5.0,2.0,3.0,2.0,2.0,2.0,5.0,2.0,3.0,4.0,3.0,3.0,2.0,15.0,0.047,Konstantinos Mavropanos
529,Nayef,Aguerd,DEF,44,West Ham,0,0,0,0,524,0.0,0.0,0.0,0.00,0.00,0.00,516,477,0.0,False,On loan to Real Sociedad for the season,0.0,0.0,520,0.0,0.0,1100,1100,19,21,529,4.0,3.0,2.0,2.0,4.0,5.0,2.0,2.0,3.0,2.0,2.0,5.0,5.0,2.0,2.0,4.0,4.0,2.0,5.0,2.0,3.0,2.0,2.0,2.0,5.0,2.0,3.0,4.0,3.0,3.0,2.0,15.0,0.0,Nayef Aguerd
530,Tomáš,Souček,MID,50,West Ham,27,2,1,1,57,0.8,5.4,38.4,2.11,0.52,2.63,90,61,4.0,False,,,3.9,44,0.42,0.1,1100,1100,19,21,530,4.0,3.0,2.0,2.0,4.0,5.0,2.0,2.0,3.0,2.0,2.0,5.0,5.0,2.0,2.0,4.0,4.0,2.0,5.0,2.0,3.0,2.0,2.0,2.0,5.0,2.0,3.0,4.0,3.0,3.0,2.0,15.0,0.267,Tomáš Souček
532,Kurt,Zouma,DEF,44,West Ham,0,0,0,0,520,0.0,0.0,0.0,0.00,0.00,0.00,512,466,0.0,False,On loan to Al-Orobah for the rest of the season,0.0,0.0,516,0.0,0.0,1100,1100,19,21,532,4.0,3.0,2.0,2.0,4.0,5.0,2.0,2.0,3.0,2.0,2.0,5.0,5.0,2.0,2.0,4.0,4.0,2.0,5.0,2.0,3.0,2.0,2.0,2.0,5.0,2.0,3.0,4.0,3.0,3.0,2.0,15.0,0.0,Kurt Zouma
576,Andy,Irving,MID,49,West Ham,1,0,0,0,423,0.1,0.2,1.8,0.04,0.00,0.04,372,335,0.3,False,,,0.5,381,0.19,0.0,1100,1100,19,21,576,4.0,3.0,2.0,2.0,4.0,5.0,2.0,2.0,3.0,2.0,2.0,5.0,5.0,2.0,2.0,4.0,4.0,2.0,5.0,2.0,3.0,2.0,2.0,2.0,5.0,2.0,3.0,4.0,3.0,3.0,2.0,15.0,0.02,Andy Irving
587,Crysencio,Summerville,MID,57,West Ham,6,0,0,0,392,0.2,1.1,9.0,0.11,0.19,0.30,310,250,1.0,False,,,1.0,264,0.07,0.12,1100,1100,19,21,587,4.0,3.0,2.0,2.0,4.0,5.0,2.0,2.0,3.0,2.0,2.0,5.0,5.0,2.0,2.0,4.0,4.0,2.0,5.0,2.0,3.0,2.0,2.0,2.0,5.0,2.0,3.0,4.0,3.0,3.0,2.0,15.0,0.067,Crysencio Summerville
588,Guido,Rodríguez,MID,49,West Ham,12,0,0,1,240,0.3,2.4,10.3,0.06,0.08,0.14,194,174,1.7,False,,,1.7,253,0.01,0.01,1100,1100,19,21,588,4.0,3.0,2.0,2.0,4.0,5.0,2.0,2.0,3.0,2.0,2.0,5.0,5.0,2.0,2.0,4.0,4.0,2.0,5.0,2.0,3.0,2.0,2.0,2.0,5.0,2.0,3.0,4.0,3.0,3.0,2.0,15.0,0.113,Guido Rodríguez
589,Niclas,Füllkrug,FWD,67,West Ham,3,0,0,0,398,0.0,0.4,3.5,0.25,0.09,0.34,406,660,0.0,False,Achilles injury - Unknown return date,0.0,1.0,340,0.36,0.13,1100,1100,19,21,589,4.0,3.0,2.0,2.0,4.0,5.0,2.0,2.0,3.0,2.0,2.0,5.0,5.0,2.0,2.0,4.0,4.0,2.0,5.0,2.0,3.0,2.0,2.0,2.0,5.0,2.0,3.0,4.0,3.0,3.0,2.0,15.0,0.0,Niclas Füllkrug
591,Jean-Clair,Todibo,DEF,44,West Ham,6,0,0,0,261,0.3,1.4,5.7,0.10,0.01,0.11,238,193,1.3,False,,,1.5,306,0.05,0.0,1100,1100,19,21,591,4.0,3.0,2.0,2.0,4.0,5.0,2.0,2.0,3.0,2.0,2.0,5.0,5.0,2.0,2.0,4.0,4.0,2.0,5.0,2.0,3.0,2.0,2.0,2.0,5.0,2.0,3.0,4.0,3.0,3.0,2.0,15.0,0.087,Jean-Clair Todibo
643,Kaelan,Casey,DEF,40,West Ham,0,0,0,0,493,0.0,0.0,0.0,0.00,0.00,0.00,485,426,0.0,False,,,0.0,489,0.0,0.0,1100,1100,19,21,643,4.0,3.0,2.0,2.0,4.0,5.0,2.0,2.0,3.0,2.0,2.0,5.0,5.0,2.0,2.0,4.0,4.0,2.0,5.0,2.0,3.0,2.0,2.0,2.0,5.0,2.0,3.0,4.0,3.0,3.0,2.0,15.0,0.0,Kaelan Casey
654,Carlos,Soler,MID,50,West Ham,2,0,0,0,426,0.1,0.4,6.1,0.19,0.05,0.24,322,283,0.7,False,,,0.5,302,0.14,0.04,1100,1100,19,21,654,4.0,3.0,2.0,2.0,4.0,5.0,2.0,2.0,3.0,2.0,2.0,5.0,5.0,2.0,2.0,4.0,4.0,2.0,5.0,2.0,3.0,2.0,2.0,2.0,5.0,2.0,3.0,4.0,3.0,3.0,2.0,15.0,0.047,Carlos Soler
204,Sam,Johnstone,GK,44,Wolves,10,0,0,0,203,0.4,2.3,16.6,0.00,0.00,0.00,46,165,1.7,False,,,2.0,186,0.0,0.0,1075,1090,20,39,204,5.0,3.0,2.0,2.0,3.0,2.0,2.0,2.0,2.0,2.0,3.0,4.0,3.0,4.0,4.0,5.0,3.0,5.0,3.0,2.0,2.0,2.0,2.0,2.0,4.0,3.0,2.0,5.0,2.0,2.0,2.0,15.0,0.113,Sam Johnstone
533,Rayan,Aït-Nouri,DEF,44,Wolves,22,2,2,0,103,1.4,5.0,39.7,0.99,0.49,1.48,39,23,6.0,False,,100.0,3.1,38,0.16,0.08,1075,1090,20,39,533,5.0,3.0,2.0,2.0,3.0,2.0,2.0,2.0,2.0,2.0,3.0,4.0,3.0,4.0,4.0,5.0,3.0,5.0,3.0,2.0,2.0,2.0,2.0,2.0,4.0,3.0,2.0,5.0,2.0,2.0,2.0,15.0,0.4,Rayan Aït-Nouri
534,Boubacar,Traoré,MID,48,Wolves,0,0,0,0,617,0.0,0.0,0.0,0.00,0.00,0.00,609,588,0.0,False,Knee injury - Unknown return date,0.0,0.0,612,0.0,0.0,1075,1090,20,39,534,5.0,3.0,2.0,2.0,3.0,2.0,2.0,2.0,2.0,2.0,3.0,4.0,3.0,4.0,4.0,5.0,3.0,5.0,3.0,2.0,2.0,2.0,2.0,2.0,4.0,3.0,2.0,5.0,2.0,2.0,2.0,15.0,0.0,Boubacar Traoré
535,Jean-Ricner,Bellegarde,MID,50,Wolves,20,1,1,2,126,0.5,4.0,18.6,0.25,0.28,0.53,192,121,2.7,False,,,2.9,164,0.06,0.06,1075,1090,20,39,535,5.0,3.0,2.0,2.0,3.0,2.0,2.0,2.0,2.0,2.0,3.0,4.0,3.0,4.0,4.0,5.0,3.0,5.0,3.0,2.0,2.0,2.0,2.0,2.0,4.0,3.0,2.0,5.0,2.0,2.0,2.0,15.0,0.18,Jean-Ricner Bellegarde
536,Daniel,Bentley,GK,40,Wolves,0,0,0,0,437,0.0,0.0,0.0,0.00,0.00,0.00,429,364,0.0,False,,,0.0,433,0.0,0.0,1075,1090,20,39,536,5.0,3.0,2.0,2.0,3.0,2.0,2.0,2.0,2.0,2.0,3.0,4.0,3.0,4.0,4.0,5.0,3.0,5.0,3.0,2.0,2.0,2.0,2.0,2.0,4.0,3.0,2.0,5.0,2.0,2.0,2.0,15.0,0.0,Daniel Bentley
537,Francisco Jorge,Tomás Oliveira,MID,45,Wolves,1,0,0,0,343,0.0,0.2,1.9,0.00,0.05,0.05,401,549,0.0,False,Season long loan to RCD Mallorca,0.0,1.0,379,0.0,0.75,1075,1090,20,39,537,5.0,3.0,2.0,2.0,3.0,2.0,2.0,2.0,2.0,2.0,3.0,4.0,3.0,4.0,4.0,5.0,3.0,5.0,3.0,2.0,2.0,2.0,2.0,2.0,4.0,3.0,2.0,5.0,2.0,2.0,2.0,15.0,0.0,Francisco Jorge Tomás Oliveira
538,Tawanda,Chirewa,MID,45,Wolves,0,0,0,0,583,0.0,0.0,0.0,0.00,0.00,0.00,575,544,0.0,False,Loaened to Derby County,0.0,0.0,579,0.0,0.0,1075,1090,20,39,538,5.0,3.0,2.0,2.0,3.0,2.0,2.0,2.0,2.0,2.0,3.0,4.0,3.0,4.0,4.0,5.0,3.0,5.0,3.0,2.0,2.0,2.0,2.0,2.0,4.0,3.0,2.0,5.0,2.0,2.0,2.0,15.0,0.0,Tawanda Chirewa
539,Leon,Chiwome,FWD,45,Wolves,0,0,0,0,610,0.0,0.0,0.0,0.00,0.00,0.00,602,574,0.0,False,,100.0,0.0,606,0.0,0.0,1075,1090,20,39,539,5.0,3.0,2.0,2.0,3.0,2.0,2.0,2.0,2.0,2.0,3.0,4.0,3.0,4.0,4.0,5.0,3.0,5.0,3.0,2.0,2.0,2.0,2.0,2.0,4.0,3.0,2.0,5.0,2.0,2.0,2.0,15.0,0.0,Leon Chiwome
540,Luke,Cundle,MID,45,Wolves,0,0,0,0,556,0.0,0.0,0.0,0.00,0.00,0.00,548,516,0.0,False,,,0.0,552,0.0,0.0,1075,1090,20,39,540,5.0,3.0,2.0,2.0,3.0,2.0,2.0,2.0,2.0,2.0,3.0,4.0,3.0,4.0,4.0,5.0,3.0,5.0,3.0,2.0,2.0,2.0,2.0,2.0,4.0,3.0,2.0,5.0,2.0,2.0,2.0,15.0,0.0,Luke Cundle
541,Matheus,Santos Carneiro Da Cunha,FWD,65,Wolves,30,3,0,0,45,1.0,4.6,53.1,1.93,1.08,3.01,38,19,6.3,False,,,4.3,17,0.32,0.18,1075,1090,20,39,541,5.0,3.0,2.0,2.0,3.0,2.0,2.0,2.0,2.0,2.0,3.0,4.0,3.0,4.0,4.0,5.0,3.0,5.0,3.0,2.0,2.0,2.0,2.0,2.0,4.0,3.0,2.0,5.0,2.0,2.0,2.0,15.0,0.42,Matheus Santos Carneiro Da Cunha
542,Craig,Dawson,DEF,44,Wolves,5,0,0,0,403,0.0,1.1,14.1,0.12,0.06,0.18,168,463,0.0,False,,,0.8,214,0.03,0.01,1075,1090,20,39,542,5.0,3.0,2.0,2.0,3.0,2.0,2.0,2.0,2.0,2.0,3.0,4.0,3.0,4.0,4.0,5.0,3.0,5.0,3.0,2.0,2.0,2.0,2.0,2.0,4.0,3.0,2.0,5.0,2.0,2.0,2.0,15.0,0.0,Craig Dawson
543,Matt,Doherty,DEF,44,Wolves,2,0,0,0,419,0.0,0.5,7.2,0.08,0.08,0.16,261,465,0.0,False,,,0.5,289,0.03,0.03,1075,1090,20,39,543,5.0,3.0,2.0,2.0,3.0,2.0,2.0,2.0,2.0,2.0,3.0,4.0,3.0,4.0,4.0,5.0,3.0,5.0,3.0,2.0,2.0,2.0,2.0,2.0,4.0,3.0,2.0,5.0,2.0,2.0,2.0,15.0,0.0,Matt Doherty
544,Tommy,Doyle,MID,49,Wolves,5,0,0,0,367,0.1,1.0,3.9,0.04,0.08,0.12,359,281,0.7,False,,,1.0,336,0.06,0.11,1075,1090,20,39,544,5.0,3.0,2.0,2.0,3.0,2.0,2.0,2.0,2.0,2.0,3.0,4.0,3.0,4.0,4.0,5.0,3.0,5.0,3.0,2.0,2.0,2.0,2.0,2.0,4.0,3.0,2.0,5.0,2.0,2.0,2.0,15.0,0.047,Tommy Doyle
545,Fábio,Silva,FWD,50,Wolves,0,0,0,0,638,0.0,0.0,0.0,0.00,0.00,0.00,634,623,0.0,False,Season long loan to Las Palmas,0.0,0.0,637,0.0,0.0,1075,1090,20,39,545,5.0,3.0,2.0,2.0,3.0,2.0,2.0,2.0,2.0,2.0,3.0,4.0,3.0,4.0,4.0,5.0,3.0,5.0,3.0,2.0,2.0,2.0,2.0,2.0,4.0,3.0,2.0,5.0,2.0,2.0,2.0,15.0,0.0,Fábio Silva
546,Nathan,Fraser,FWD,45,Wolves,0,0,0,0,592,0.0,0.0,0.0,0.00,0.00,0.00,584,556,0.0,False,Loaned to Zulte Waregem,0.0,0.0,588,0.0,0.0,1075,1090,20,39,546,5.0,3.0,2.0,2.0,3.0,2.0,2.0,2.0,2.0,2.0,3.0,4.0,3.0,4.0,4.0,5.0,3.0,5.0,3.0,2.0,2.0,2.0,2.0,2.0,4.0,3.0,2.0,5.0,2.0,2.0,2.0,15.0,0.0,Nathan Fraser
547,Enso,González,MID,45,Wolves,0,0,0,0,612,0.0,0.0,0.0,0.00,0.00,0.00,604,576,0.0,False,Knee injury - Unknown return date,0.0,0.0,608,0.0,0.0,1075,1090,20,39,547,5.0,3.0,2.0,2.0,3.0,2.0,2.0,2.0,2.0,2.0,3.0,4.0,3.0,4.0,4.0,5.0,3.0,5.0,3.0,2.0,2.0,2.0,2.0,2.0,4.0,3.0,2.0,5.0,2.0,2.0,2.0,15.0,0.0,Enso González
548,Gonçalo Manuel,Ganchinho Guedes,MID,53,Wolves,4,0,0,0,381,0.1,0.8,4.2,0.04,0.08,0.12,361,289,0.7,False,,,1.0,329,0.05,0.11,1075,1090,20,39,548,5.0,3.0,2.0,2.0,3.0,2.0,2.0,2.0,2.0,2.0,3.0,4.0,3.0,4.0,4.0,5.0,3.0,5.0,3.0,2.0,2.0,2.0,2.0,2.0,4.0,3.0,2.0,5.0,2.0,2.0,2.0,15.0,0.047,Gonçalo Manuel Ganchinho Guedes
549,Hugo,Bueno López,DEF,45,Wolves,0,0,0,0,574,0.0,0.0,0.0,0.00,0.00,0.00,566,534,0.0,False,Loaned to Feyenoord,0.0,0.0,570,0.0,0.0,1075,1090,20,39,549,5.0,3.0,2.0,2.0,3.0,2.0,2.0,2.0,2.0,2.0,3.0,4.0,3.0,4.0,4.0,5.0,3.0,5.0,3.0,2.0,2.0,2.0,2.0,2.0,4.0,3.0,2.0,5.0,2.0,2.0,2.0,15.0,0.0,Hugo Bueno López
550,Hwang,Hee-chan,MID,61,Wolves,7,0,0,0,309,0.1,1.1,6.2,0.00,0.16,0.16,334,297,0.7,False,Ankle injury - 50% chance of playing,50.0,1.2,300,0.0,0.06,1075,1090,20,39,550,5.0,3.0,2.0,2.0,3.0,2.0,2.0,2.0,2.0,2.0,3.0,4.0,3.0,4.0,4.0,5.0,3.0,5.0,3.0,2.0,2.0,2.0,2.0,2.0,4.0,3.0,2.0,5.0,2.0,2.0,2.0,15.0,0.047,Hwang Hee-chan
551,Joe,Hodge,MID,45,Wolves,0,0,0,0,552,0.0,0.0,0.0,0.00,0.00,0.00,544,512,0.0,False,Season long to Huddersfield Town,0.0,0.0,548,0.0,0.0,1075,1090,20,39,551,5.0,3.0,2.0,2.0,3.0,2.0,2.0,2.0,2.0,2.0,3.0,4.0,3.0,4.0,4.0,5.0,3.0,5.0,3.0,2.0,2.0,2.0,2.0,2.0,4.0,3.0,2.0,5.0,2.0,2.0,2.0,15.0,0.0,Joe Hodge
552,Ki-Jana,Hoever,DEF,40,Wolves,0,0,0,0,467,0.0,0.0,0.0,0.00,0.00,0.00,460,399,0.0,False,Loaned to Auxerre,0.0,0.0,464,0.0,0.0,1075,1090,20,39,552,5.0,3.0,2.0,2.0,3.0,2.0,2.0,2.0,2.0,2.0,3.0,4.0,3.0,4.0,4.0,5.0,3.0,5.0,3.0,2.0,2.0,2.0,2.0,2.0,4.0,3.0,2.0,5.0,2.0,2.0,2.0,15.0,0.0,Ki-Jana Hoever
553,João Victor,Gomes da Silva,MID,49,Wolves,10,0,0,0,278,0.3,2.0,12.7,0.15,0.13,0.28,208,175,1.7,False,,,1.4,231,0.02,0.02,1075,1090,20,39,553,5.0,3.0,2.0,2.0,3.0,2.0,2.0,2.0,2.0,2.0,3.0,4.0,3.0,4.0,4.0,5.0,3.0,5.0,3.0,2.0,2.0,2.0,2.0,2.0,4.0,3.0,2.0,5.0,2.0,2.0,2.0,15.0,0.113,João Victor Gomes da Silva
554,José,Malheiro de Sá,GK,43,Wolves,1,0,0,0,417,0.0,0.2,6.3,0.00,0.01,0.01,226,446,0.0,False,,,0.5,299,0.0,0.0,1075,1090,20,39,554,5.0,3.0,2.0,2.0,3.0,2.0,2.0,2.0,2.0,2.0,3.0,4.0,3.0,4.0,4.0,5.0,3.0,5.0,3.0,2.0,2.0,2.0,2.0,2.0,4.0,3.0,2.0,5.0,2.0,2.0,2.0,15.0,0.0,José Malheiro de Sá
555,Saša,Kalajdžić,FWD,49,Wolves,0,0,0,0,627,0.0,0.0,0.0,0.00,0.00,0.00,622,603,0.0,False,Knee injury - Unknown return date,0.0,0.0,625,0.0,0.0,1075,1090,20,39,555,5.0,3.0,2.0,2.0,3.0,2.0,2.0,2.0,2.0,2.0,3.0,4.0,3.0,4.0,4.0,5.0,3.0,5.0,3.0,2.0,2.0,2.0,2.0,2.0,4.0,3.0,2.0,5.0,2.0,2.0,2.0,15.0,0.0,Saša Kalajdžić
556,Tom,King,GK,40,Wolves,0,0,0,0,444,0.0,0.0,0.0,0.00,0.00,0.00,435,373,0.0,False,,,0.0,439,0.0,0.0,1075,1090,20,39,556,5.0,3.0,2.0,2.0,3.0,2.0,2.0,2.0,2.0,2.0,3.0,4.0,3.0,4.0,4.0,5.0,3.0,5.0,3.0,2.0,2.0,2.0,2.0,2.0,4.0,3.0,2.0,5.0,2.0,2.0,2.0,15.0,0.0,Tom King
557,Mario,Lemina,MID,50,Wolves,24,1,1,0,84,0.3,4.8,32.7,0.93,0.43,1.36,40,176,1.7,False,,100.0,3.4,61,0.13,0.06,1075,1090,20,39,557,5.0,3.0,2.0,2.0,3.0,2.0,2.0,2.0,2.0,2.0,3.0,4.0,3.0,4.0,4.0,5.0,3.0,5.0,3.0,2.0,2.0,2.0,2.0,2.0,4.0,3.0,2.0,5.0,2.0,2.0,2.0,15.0,0.113,Mario Lemina
558,Yerson,Mosquera,DEF,40,Wolves,3,0,0,0,413,0.1,0.8,16.0,0.33,0.03,0.36,117,307,0.3,False,Knee injury - Expected back 01 Jun,0.0,0.6,193,0.07,0.01,1075,1090,20,39,558,5.0,3.0,2.0,2.0,3.0,2.0,2.0,2.0,2.0,2.0,3.0,4.0,3.0,4.0,4.0,5.0,3.0,5.0,3.0,2.0,2.0,2.0,2.0,2.0,4.0,3.0,2.0,5.0,2.0,2.0,2.0,15.0,0.02,Yerson Mosquera
559,Nélson,Cabral Semedo,DEF,45,Wolves,6,0,1,0,297,0.2,1.3,13.0,0.06,0.27,0.33,195,229,1.0,False,,100.0,1.2,226,0.01,0.06,1075,1090,20,39,559,5.0,3.0,2.0,2.0,3.0,2.0,2.0,2.0,2.0,2.0,3.0,4.0,3.0,4.0,4.0,5.0,3.0,5.0,3.0,2.0,2.0,2.0,2.0,2.0,4.0,3.0,2.0,5.0,2.0,2.0,2.0,15.0,0.067,Nélson Cabral Semedo
561,Pedro,Cardoso de Lima,DEF,40,Wolves,0,0,0,0,503,0.0,0.0,0.0,0.00,0.00,0.00,495,437,0.0,False,,,0.0,499,0.0,0.0,1075,1090,20,39,561,5.0,3.0,2.0,2.0,3.0,2.0,2.0,2.0,2.0,2.0,3.0,4.0,3.0,4.0,4.0,5.0,3.0,5.0,3.0,2.0,2.0,2.0,2.0,2.0,4.0,3.0,2.0,5.0,2.0,2.0,2.0,15.0,0.0,Pedro Cardoso de Lima
562,Daniel,Castelo Podence,MID,55,Wolves,2,0,0,0,387,0.0,0.4,0.4,0.04,0.01,0.05,404,649,0.0,False,Transferred to Al-Shabab,0.0,1.0,414,0.08,0.02,1075,1090,20,39,562,5.0,3.0,2.0,2.0,3.0,2.0,2.0,2.0,2.0,2.0,3.0,4.0,3.0,4.0,4.0,5.0,3.0,5.0,3.0,2.0,2.0,2.0,2.0,2.0,4.0,3.0,2.0,5.0,2.0,2.0,2.0,15.0,0.0,Daniel Castelo Podence
563,Rodrigo,Martins Gomes,MID,53,Wolves,4,0,0,0,289,0.1,0.8,2.8,0.06,0.01,0.07,367,343,0.3,False,,,1.3,356,0.05,0.01,1075,1090,20,39,563,5.0,3.0,2.0,2.0,3.0,2.0,2.0,2.0,2.0,2.0,3.0,4.0,3.0,4.0,4.0,5.0,3.0,5.0,3.0,2.0,2.0,2.0,2.0,2.0,4.0,3.0,2.0,5.0,2.0,2.0,2.0,15.0,0.02,Rodrigo Martins Gomes
564,Santiago,Bueno,DEF,43,Wolves,1,0,0,0,418,0.1,0.2,1.7,0.00,0.00,0.00,335,310,0.3,False,,100.0,0.5,383,0.0,0.0,1075,1090,20,39,564,5.0,3.0,2.0,2.0,3.0,2.0,2.0,2.0,2.0,2.0,3.0,4.0,3.0,4.0,4.0,5.0,3.0,5.0,3.0,2.0,2.0,2.0,2.0,2.0,4.0,3.0,2.0,5.0,2.0,2.0,2.0,15.0,0.02,Santiago Bueno
565,Pablo,Sarabia,MID,52,Wolves,2,0,0,0,378,0.0,0.4,5.5,0.10,0.02,0.12,339,636,0.0,False,,,1.0,309,0.32,0.06,1075,1090,20,39,565,5.0,3.0,2.0,2.0,3.0,2.0,2.0,2.0,2.0,2.0,3.0,4.0,3.0,4.0,4.0,5.0,3.0,5.0,3.0,2.0,2.0,2.0,2.0,2.0,4.0,3.0,2.0,5.0,2.0,2.0,2.0,15.0,0.0,Pablo Sarabia
566,Jørgen,Strand Larsen,FWD,55,Wolves,25,2,1,1,74,0.6,4.5,28.8,1.04,0.42,1.46,127,86,3.3,False,,,3.6,79,0.17,0.07,1075,1090,20,39,566,5.0,3.0,2.0,2.0,3.0,2.0,2.0,2.0,2.0,2.0,3.0,4.0,3.0,4.0,4.0,5.0,3.0,5.0,3.0,2.0,2.0,2.0,2.0,2.0,4.0,3.0,2.0,5.0,2.0,2.0,2.0,15.0,0.22,Jørgen Strand Larsen
567,Toti António,Gomes,DEF,43,Wolves,4,0,1,0,402,0.1,0.9,11.1,0.01,0.26,0.27,169,312,0.3,False,,100.0,0.8,244,0.0,0.05,1075,1090,20,39,567,5.0,3.0,2.0,2.0,3.0,2.0,2.0,2.0,2.0,2.0,3.0,4.0,3.0,4.0,4.0,5.0,3.0,5.0,3.0,2.0,2.0,2.0,2.0,2.0,4.0,3.0,2.0,5.0,2.0,2.0,2.0,15.0,0.02,Toti António Gomes
637,Bastien,Meupiyou,DEF,40,Wolves,0,0,0,0,497,0.0,0.0,0.0,0.00,0.00,0.00,489,430,0.0,False,Knock - 50% chance of playing,50.0,0.0,493,0.0,0.0,1075,1090,20,39,637,5.0,3.0,2.0,2.0,3.0,2.0,2.0,2.0,2.0,2.0,3.0,4.0,3.0,4.0,4.0,5.0,3.0,5.0,3.0,2.0,2.0,2.0,2.0,2.0,4.0,3.0,2.0,5.0,2.0,2.0,2.0,15.0,0.0,Bastien Meupiyou
642,André,Trindade da Costa Neto,MID,50,Wolves,6,0,0,0,304,0.3,1.2,9.5,0.07,0.04,0.11,253,212,1.3,False,,,1.2,260,0.02,0.01,1075,1090,20,39,642,5.0,3.0,2.0,2.0,3.0,2.0,2.0,2.0,2.0,2.0,3.0,4.0,3.0,4.0,4.0,5.0,3.0,5.0,3.0,2.0,2.0,2.0,2.0,2.0,4.0,3.0,2.0,5.0,2.0,2.0,2.0,15.0,0.087,André Trindade da Costa Neto
655,Carlos Roberto,Forbs Borges,MID,55,Wolves,2,0,0,0,412,0.1,0.4,5.5,0.11,0.08,0.19,333,345,0.3,False,,,0.7,310,0.09,0.07,1075,1090,20,39,655,5.0,3.0,2.0,2.0,3.0,2.0,2.0,2.0,2.0,2.0,3.0,4.0,3.0,4.0,4.0,5.0,3.0,5.0,3.0,2.0,2.0,2.0,2.0,2.0,4.0,3.0,2.0,5.0,2.0,2.0,2.0,15.0,0.02,Carlos Roberto Forbs Borges
664,Alfie,Pond,DEF,40,Wolves,0,0,0,0,492,0.0,0.0,0.0,0.00,0.00,0.00,484,425,0.0,False,,,0.0,488,0.0,0.0,1075,1090,20,39,664,5.0,3.0,2.0,2.0,3.0,2.0,2.0,2.0,2.0,2.0,3.0,4.0,3.0,4.0,4.0,5.0,3.0,5.0,3.0,2.0,2.0,2.0,2.0,2.0,4.0,3.0,2.0,5.0,2.0,2.0,2.0,15.0,0.0,Alfie Pond
